id,status,symbol,time,type,trend,price,balance_rate
12300001,pendding,601988.XSHG,2017-03-17 09:30:00,buy,long,3.65,0.10
12300001,pendding,000858.XSHE,2017-03-17 09:30:00,sell,long,40.76,0.00
12300001,pendding,600900.XSHG,2017-03-17 09:30:00,buy,long,13.15,0.10
12300001,pendding,000333.XSHE,2017-03-17 09:30:00,sell,long,33.41,0.00
12300001,pendding,000651.XSHE,2017-03-17 09:30:00,sell,long,28.81,0.00
12300001,pendding,600276.XSHG,2017-03-17 09:30:00,buy,long,51.96,0.10
12300001,pendding,600030.XSHG,2017-03-17 09:30:00,buy,long,16.31,0.10
12300001,pendding,001979.XSHE,2017-03-17 09:30:00,sell,long,17.76,0.00
