id,status,symbol,time,type,trend,price,balance_rate
12300001,pendding,601318.XSHG,2017-09-04 09:30:00,sell,long,55.15,0.00
12300001,pendding,600519.XSHG,2017-09-04 09:30:00,buy,long,492.42,0.10
12300001,pendding,600028.XSHG,2017-09-04 09:30:00,sell,long,5.95,0.00
12300001,pendding,000858.XSHE,2017-09-04 09:30:00,sell,long,54.21,0.00
12300001,pendding,600000.XSHG,2017-09-04 09:30:00,sell,long,12.78,0.00
12300001,pendding,600276.XSHG,2017-09-04 09:30:00,buy,long,58.41,0.10
12300001,pendding,002415.XSHE,2017-09-04 09:30:00,buy,long,34.37,0.10
12300001,pendding,000001.XSHE,2017-09-04 09:30:00,buy,long,11.72,0.10
12300001,pendding,600887.XSHG,2017-09-04 09:30:00,buy,long,23.49,0.10
12300001,pendding,601688.XSHG,2017-09-04 09:30:00,buy,long,23.32,0.10
12300001,pendding,600019.XSHG,2017-09-04 09:30:00,buy,long,8.64,0.10
