id,status,symbol,time,type,trend,price,balance_rate
12300001,pendding,601939.XSHG,2016-10-21 09:30:00,buy,long,5.20,0.10
12300001,pendding,601857.XSHG,2016-10-21 09:30:00,buy,long,7.36,0.10
12300001,pendding,601288.XSHG,2016-10-21 09:30:00,buy,long,3.14,0.10
12300001,pendding,601988.XSHG,2016-10-21 09:30:00,buy,long,3.40,0.10
12300001,pendding,600028.XSHG,2016-10-21 09:30:00,buy,long,5.01,0.10
12300001,pendding,601328.XSHG,2016-10-21 09:30:00,buy,long,5.62,0.10
12300001,pendding,000858.XSHE,2016-10-21 09:30:00,buy,long,33.57,0.10
12300001,pendding,601088.XSHG,2016-10-21 09:30:00,buy,long,16.12,0.10
