id,status,symbol,time,type,trend,price,balance_rate
12300001,pendding,601398.XSHG,2015-07-15 09:30:00,buy,long,5.27,0.10
12300001,pendding,601857.XSHG,2015-07-15 09:30:00,buy,long,13.52,0.10
12300001,pendding,601288.XSHG,2015-07-15 09:30:00,buy,long,3.80,0.10
12300001,pendding,601988.XSHG,2015-07-15 09:30:00,buy,long,5.37,0.10
12300001,pendding,600036.XSHG,2015-07-15 09:30:00,buy,long,18.48,0.10
12300001,pendding,600028.XSHG,2015-07-15 09:30:00,buy,long,7.31,0.10
12300001,pendding,601998.XSHG,2015-07-15 09:30:00,buy,long,10.28,0.10
12300001,pendding,600016.XSHG,2015-07-15 09:30:00,buy,long,10.05,0.10
12300001,pendding,601818.XSHG,2015-07-15 09:30:00,buy,long,5.52,0.10
