id,status,symbol,time,type,trend,price,balance_rate
12300001,pendding,601288.XSHG,2017-08-31 09:30:00,sell,long,3.77,0.00
12300001,pendding,600036.XSHG,2017-08-31 09:30:00,sell,long,26.75,0.00
12300001,pendding,600028.XSHG,2017-08-31 09:30:00,buy,long,6.01,0.10
12300001,pendding,601328.XSHG,2017-08-31 09:30:00,buy,long,6.58,0.10
12300001,pendding,000858.XSHE,2017-08-31 09:30:00,buy,long,55.49,0.10
12300001,pendding,601166.XSHG,2017-08-31 09:30:00,sell,long,17.65,0.00
12300001,pendding,000333.XSHE,2017-08-31 09:30:00,sell,long,41.00,0.00
12300001,pendding,600000.XSHG,2017-08-31 09:30:00,buy,long,12.71,0.10
12300001,pendding,000651.XSHE,2017-08-31 09:30:00,sell,long,38.65,0.00
12300001,pendding,601601.XSHG,2017-08-31 09:30:00,buy,long,38.22,0.10
12300001,pendding,601998.XSHG,2017-08-31 09:30:00,buy,long,6.53,0.10
12300001,pendding,600016.XSHG,2017-08-31 09:30:00,buy,long,8.40,0.10
12300001,pendding,600030.XSHG,2017-08-31 09:30:00,buy,long,18.23,0.10
