id,status,symbol,time,type,trend,price,balance_rate
12300001,pendding,601318.XSHG,2016-07-14 09:30:00,buy,long,32.49,0.10
12300001,pendding,000858.XSHE,2016-07-14 09:30:00,sell,long,37.12,0.00
12300001,pendding,601166.XSHG,2016-07-14 09:30:00,buy,long,15.41,0.10
12300001,pendding,000333.XSHE,2016-07-14 09:30:00,sell,long,27.04,0.00
12300001,pendding,600000.XSHG,2016-07-14 09:30:00,buy,long,15.70,0.10
12300001,pendding,601601.XSHG,2016-07-14 09:30:00,buy,long,27.38,0.10
12300001,pendding,600016.XSHG,2016-07-14 09:30:00,buy,long,9.30,0.10
