id,status,symbol,time,type,trend,price,balance_rate
12300001,pendding,601398.XSHG,2014-12-25 09:30:00,buy,long,4.46,0.10
12300001,pendding,601939.XSHG,2014-12-25 09:30:00,buy,long,6.32,0.10
12300001,pendding,601318.XSHG,2014-12-25 09:30:00,buy,long,63.41,0.10
12300001,pendding,601857.XSHG,2014-12-25 09:30:00,buy,long,9.84,0.10
12300001,pendding,601288.XSHG,2014-12-25 09:30:00,buy,long,3.34,0.10
12300001,pendding,601988.XSHG,2014-12-25 09:30:00,buy,long,3.72,0.10
12300001,pendding,600036.XSHG,2014-12-25 09:30:00,buy,long,14.76,0.10
12300001,pendding,601628.XSHG,2014-12-25 09:30:00,buy,long,27.87,0.10
