id,status,symbol,time,type,trend,price,balance_rate
12300001,pendding,601398.XSHG,2015-04-20 09:30:00,sell,long,5.42,0.00
12300001,pendding,601939.XSHG,2015-04-20 09:30:00,sell,long,6.84,0.00
12300001,pendding,601857.XSHG,2015-04-20 09:30:00,sell,long,12.80,0.00
12300001,pendding,601988.XSHG,2015-04-20 09:30:00,sell,long,4.74,0.00
12300001,pendding,600028.XSHG,2015-04-20 09:30:00,sell,long,7.14,0.00
12300001,pendding,601328.XSHG,2015-04-20 09:30:00,sell,long,6.90,0.00
12300001,pendding,000858.XSHE,2015-04-20 09:30:00,sell,long,26.17,0.00
12300001,pendding,600000.XSHG,2015-04-20 09:30:00,sell,long,17.90,0.00
12300001,pendding,600276.XSHG,2015-04-20 09:30:00,sell,long,53.77,0.00
12300001,pendding,601818.XSHG,2015-04-20 09:30:00,sell,long,5.36,0.00
