id,status,symbol,time,type,trend,price,balance_rate
12300001,pendding,601939.XSHG,2017-05-03 09:30:00,sell,long,5.88,0.00
12300001,pendding,601288.XSHG,2017-05-03 09:30:00,sell,long,3.31,0.00
12300001,pendding,601988.XSHG,2017-05-03 09:30:00,sell,long,3.53,0.00
12300001,pendding,601328.XSHG,2017-05-03 09:30:00,sell,long,5.92,0.00
12300001,pendding,601088.XSHG,2017-05-03 09:30:00,buy,long,20.07,0.10
12300001,pendding,601166.XSHG,2017-05-03 09:30:00,buy,long,15.43,0.10
12300001,pendding,000333.XSHE,2017-05-03 09:30:00,buy,long,35.19,0.10
12300001,pendding,600000.XSHG,2017-05-03 09:30:00,buy,long,15.08,0.10
12300001,pendding,601601.XSHG,2017-05-03 09:30:00,buy,long,27.38,0.10
12300001,pendding,603288.XSHG,2017-05-03 09:30:00,sell,long,36.20,0.00
12300001,pendding,601800.XSHG,2017-05-03 09:30:00,buy,long,17.29,0.10
