id,status,symbol,time,type,trend,price,balance_rate
12300001,pendding,601398.XSHG,2015-01-15 09:30:00,buy,long,5.09,0.10
12300001,pendding,601939.XSHG,2015-01-15 09:30:00,buy,long,6.55,0.10
12300001,pendding,601857.XSHG,2015-01-15 09:30:00,buy,long,12.29,0.10
12300001,pendding,601288.XSHG,2015-01-15 09:30:00,buy,long,3.86,0.10
12300001,pendding,600036.XSHG,2015-01-15 09:30:00,buy,long,16.18,0.10
12300001,pendding,601628.XSHG,2015-01-15 09:30:00,buy,long,36.19,0.10
12300001,pendding,600028.XSHG,2015-01-15 09:30:00,buy,long,6.90,0.10
