id,status,symbol,time,type,trend,price,balance_rate
12300001,pendding,601398.XSHG,2015-05-28 09:30:00,sell,long,5.10,0.00
12300001,pendding,601939.XSHG,2015-05-28 09:30:00,sell,long,6.36,0.00
12300001,pendding,601857.XSHG,2015-05-28 09:30:00,sell,long,12.20,0.00
12300001,pendding,601288.XSHG,2015-05-28 09:30:00,sell,long,3.67,0.00
12300001,pendding,601988.XSHG,2015-05-28 09:30:00,sell,long,4.38,0.00
12300001,pendding,600036.XSHG,2015-05-28 09:30:00,sell,long,17.92,0.00
12300001,pendding,601628.XSHG,2015-05-28 09:30:00,sell,long,35.73,0.00
12300001,pendding,601328.XSHG,2015-05-28 09:30:00,sell,long,6.67,0.00
