id,status,symbol,time,type,trend,price,balance_rate
12300001,pendding,601857.XSHG,2017-10-16 09:30:00,buy,long,8.05,0.10
12300001,pendding,601628.XSHG,2017-10-16 09:30:00,buy,long,28.36,0.10
12300001,pendding,000858.XSHE,2017-10-16 09:30:00,sell,long,59.65,0.00
12300001,pendding,601166.XSHG,2017-10-16 09:30:00,buy,long,18.04,0.10
12300001,pendding,000333.XSHE,2017-10-16 09:30:00,buy,long,46.84,0.10
12300001,pendding,600000.XSHG,2017-10-16 09:30:00,buy,long,13.04,0.10
12300001,pendding,600016.XSHG,2017-10-16 09:30:00,buy,long,8.16,0.10
