id,status,symbol,time,type,trend,price,balance_rate
12300001,pendding,600036.XSHG,2014-12-12 09:30:00,sell,long,13.91,0.00
12300001,pendding,000002.XSHE,2014-12-12 09:30:00,sell,long,11.69,0.00
12300001,pendding,600276.XSHG,2014-12-12 09:30:00,buy,long,37.65,0.10
12300001,pendding,600016.XSHG,2014-12-12 09:30:00,buy,long,8.42,0.10
12300001,pendding,603288.XSHG,2014-12-12 09:30:00,buy,long,41.72,0.10
12300001,pendding,600030.XSHG,2014-12-12 09:30:00,buy,long,25.47,0.10
12300001,pendding,000001.XSHE,2014-12-12 09:30:00,buy,long,13.94,0.10
12300001,pendding,600887.XSHG,2014-12-12 09:30:00,buy,long,27.52,0.10
