id,status,symbol,time,type,trend,price,balance_rate
12300001,pendding,601857.XSHG,2017-08-24 09:30:00,buy,long,7.96,0.10
12300001,pendding,601628.XSHG,2017-08-24 09:30:00,sell,long,27.64,0.00
12300001,pendding,600028.XSHG,2017-08-24 09:30:00,sell,long,5.96,0.00
12300001,pendding,601166.XSHG,2017-08-24 09:30:00,buy,long,17.44,0.10
12300001,pendding,000333.XSHE,2017-08-24 09:30:00,buy,long,41.52,0.10
12300001,pendding,000651.XSHE,2017-08-24 09:30:00,buy,long,39.43,0.10
12300001,pendding,000002.XSHE,2017-08-24 09:30:00,buy,long,23.09,0.10
12300001,pendding,600887.XSHG,2017-08-24 09:30:00,sell,long,22.67,0.00
12300001,pendding,601336.XSHG,2017-08-24 09:30:00,buy,long,61.12,0.10
