id,status,symbol,time,type,trend,price,balance_rate
12300001,pendding,601939.XSHG,2016-12-12 09:30:00,buy,long,5.71,0.10
12300001,pendding,600519.XSHG,2016-12-12 09:30:00,sell,long,326.86,0.00
12300001,pendding,601988.XSHG,2016-12-12 09:30:00,buy,long,3.64,0.10
12300001,pendding,600036.XSHG,2016-12-12 09:30:00,buy,long,19.25,0.10
12300001,pendding,600028.XSHG,2016-12-12 09:30:00,buy,long,5.46,0.10
12300001,pendding,000858.XSHE,2016-12-12 09:30:00,sell,long,35.57,0.00
12300001,pendding,600000.XSHG,2016-12-12 09:30:00,buy,long,17.49,0.10
12300001,pendding,600050.XSHG,2016-12-12 09:30:00,sell,long,6.81,0.00
12300001,pendding,601800.XSHG,2016-12-12 09:30:00,buy,long,14.68,0.10
12300001,pendding,002304.XSHE,2016-12-12 09:30:00,sell,long,70.20,0.00
12300001,pendding,601336.XSHG,2016-12-12 09:30:00,buy,long,45.96,0.10
12300001,pendding,600019.XSHG,2016-12-12 09:30:00,buy,long,6.90,0.10
