id,status,symbol,time,type,trend,price,balance_rate
12300001,pendding,601318.XSHG,2017-12-11 09:30:00,buy,long,73.25,0.10
12300001,pendding,000858.XSHE,2017-12-11 09:30:00,buy,long,71.90,0.10
12300001,pendding,000333.XSHE,2017-12-11 09:30:00,buy,long,53.62,0.10
12300001,pendding,603288.XSHG,2017-12-11 09:30:00,buy,long,50.99,0.10
12300001,pendding,002415.XSHE,2017-12-11 09:30:00,buy,long,39.37,0.10
12300001,pendding,300498.XSHE,2017-12-11 09:30:00,sell,long,24.85,0.00
12300001,pendding,601800.XSHG,2017-12-11 09:30:00,sell,long,14.01,0.00
12300001,pendding,601888.XSHG,2017-12-11 09:30:00,buy,long,44.31,0.10
12300001,pendding,601390.XSHG,2017-12-11 09:30:00,buy,long,8.68,0.10
