id,status,symbol,time,type,trend,price,balance_rate
12300001,pendding,601318.XSHG,2017-08-03 09:30:00,sell,long,52.92,0.00
12300001,pendding,601857.XSHG,2017-08-03 09:30:00,sell,long,8.11,0.00
12300001,pendding,600036.XSHG,2017-08-03 09:30:00,sell,long,25.89,0.00
12300001,pendding,600028.XSHG,2017-08-03 09:30:00,sell,long,6.09,0.00
12300001,pendding,600900.XSHG,2017-08-03 09:30:00,buy,long,15.49,0.10
12300001,pendding,600016.XSHG,2017-08-03 09:30:00,buy,long,8.58,0.10
12300001,pendding,603288.XSHG,2017-08-03 09:30:00,buy,long,38.88,0.10
12300001,pendding,600030.XSHG,2017-08-03 09:30:00,buy,long,17.50,0.10
12300001,pendding,000001.XSHE,2017-08-03 09:30:00,buy,long,11.01,0.10
12300001,pendding,601888.XSHG,2017-08-03 09:30:00,sell,long,28.77,0.00
