id,status,symbol,time,type,trend,price,balance_rate
12300001,pendding,601857.XSHG,2017-11-28 09:30:00,sell,long,8.21,0.00
12300001,pendding,600519.XSHG,2017-11-28 09:30:00,buy,long,648.23,0.10
12300001,pendding,601988.XSHG,2017-11-28 09:30:00,sell,long,3.92,0.00
12300001,pendding,600028.XSHG,2017-11-28 09:30:00,sell,long,6.02,0.00
12300001,pendding,601166.XSHG,2017-11-28 09:30:00,sell,long,17.62,0.00
12300001,pendding,600000.XSHG,2017-11-28 09:30:00,sell,long,12.94,0.00
12300001,pendding,600276.XSHG,2017-11-28 09:30:00,buy,long,66.25,0.10
12300001,pendding,600016.XSHG,2017-11-28 09:30:00,sell,long,8.84,0.00
12300001,pendding,603288.XSHG,2017-11-28 09:30:00,buy,long,50.65,0.10
12300001,pendding,002415.XSHE,2017-11-28 09:30:00,buy,long,38.17,0.10
12300001,pendding,600585.XSHG,2017-11-28 09:30:00,buy,long,30.00,0.10
12300001,pendding,601818.XSHG,2017-11-28 09:30:00,sell,long,4.14,0.00
12300001,pendding,600019.XSHG,2017-11-28 09:30:00,buy,long,9.12,0.10
