id,status,symbol,time,type,trend,price,balance_rate
12300001,pendding,601398.XSHG,2015-10-12 09:30:00,buy,long,4.51,0.10
12300001,pendding,601939.XSHG,2015-10-12 09:30:00,buy,long,5.44,0.10
12300001,pendding,601318.XSHG,2015-10-12 09:30:00,buy,long,32.64,0.10
12300001,pendding,601857.XSHG,2015-10-12 09:30:00,buy,long,8.77,0.10
12300001,pendding,601288.XSHG,2015-10-12 09:30:00,buy,long,3.15,0.10
12300001,pendding,600519.XSHG,2015-10-12 09:30:00,buy,long,198.09,0.10
12300001,pendding,601988.XSHG,2015-10-12 09:30:00,buy,long,3.87,0.10
12300001,pendding,600036.XSHG,2015-10-12 09:30:00,buy,long,18.19,0.10
12300001,pendding,601628.XSHG,2015-10-12 09:30:00,buy,long,26.90,0.10
12300001,pendding,600028.XSHG,2015-10-12 09:30:00,buy,long,5.15,0.10
12300001,pendding,601328.XSHG,2015-10-12 09:30:00,buy,long,6.34,0.10
12300001,pendding,601998.XSHG,2015-10-12 09:30:00,buy,long,6.18,0.10
