id,status,symbol,time,type,trend,price,balance_rate
12300001,pendding,601398.XSHG,2015-03-03 09:30:00,sell,long,4.40,0.00
12300001,pendding,601939.XSHG,2015-03-03 09:30:00,sell,long,5.53,0.00
12300001,pendding,601318.XSHG,2015-03-03 09:30:00,sell,long,67.12,0.00
12300001,pendding,601857.XSHG,2015-03-03 09:30:00,sell,long,10.93,0.00
12300001,pendding,601288.XSHG,2015-03-03 09:30:00,sell,long,3.24,0.00
12300001,pendding,600519.XSHG,2015-03-03 09:30:00,sell,long,185.95,0.00
12300001,pendding,601988.XSHG,2015-03-03 09:30:00,sell,long,3.97,0.00
12300001,pendding,600036.XSHG,2015-03-03 09:30:00,sell,long,14.17,0.00
12300001,pendding,601628.XSHG,2015-03-03 09:30:00,sell,long,35.61,0.00
12300001,pendding,600028.XSHG,2015-03-03 09:30:00,sell,long,6.03,0.00
12300001,pendding,601328.XSHG,2015-03-03 09:30:00,sell,long,5.88,0.00
