id,status,symbol,time,type,trend,price,balance_rate
12300001,pendding,601318.XSHG,2016-03-15 09:30:00,buy,long,31.36,0.10
12300001,pendding,601857.XSHG,2016-03-15 09:30:00,buy,long,7.79,0.10
12300001,pendding,601288.XSHG,2016-03-15 09:30:00,buy,long,3.19,0.10
12300001,pendding,600519.XSHG,2016-03-15 09:30:00,buy,long,231.92,0.10
12300001,pendding,601988.XSHG,2016-03-15 09:30:00,buy,long,3.38,0.10
12300001,pendding,300498.XSHE,2016-03-15 09:30:00,sell,long,48.50,0.00
12300001,pendding,600887.XSHG,2016-03-15 09:30:00,buy,long,14.25,0.10
12300001,pendding,601800.XSHG,2016-03-15 09:30:00,buy,long,11.58,0.10
