id,status,symbol,time,type,trend,price,balance_rate
12300001,pendding,601628.XSHG,2017-03-20 09:30:00,buy,long,25.48,0.10
12300001,pendding,600028.XSHG,2017-03-20 09:30:00,buy,long,5.68,0.10
12300001,pendding,601601.XSHG,2017-03-20 09:30:00,sell,long,27.35,0.00
12300001,pendding,000002.XSHE,2017-03-20 09:30:00,sell,long,21.13,0.00
12300001,pendding,600030.XSHG,2017-03-20 09:30:00,sell,long,16.30,0.00
12300001,pendding,601668.XSHG,2017-03-20 09:30:00,buy,long,8.89,0.10
12300001,pendding,600585.XSHG,2017-03-20 09:30:00,buy,long,21.66,0.10
