id,status,symbol,time,type,trend,price,balance_rate
12300001,pendding,601398.XSHG,2016-04-18 09:30:00,buy,long,4.29,0.10
12300001,pendding,601318.XSHG,2016-04-18 09:30:00,buy,long,31.79,0.10
12300001,pendding,600104.XSHG,2016-04-18 09:30:00,sell,long,20.19,0.00
12300001,pendding,601998.XSHG,2016-04-18 09:30:00,buy,long,6.03,0.10
12300001,pendding,600030.XSHG,2016-04-18 09:30:00,sell,long,17.36,0.00
12300001,pendding,002415.XSHE,2016-04-18 09:30:00,buy,long,30.90,0.10
12300001,pendding,600585.XSHG,2016-04-18 09:30:00,sell,long,17.36,0.00
12300001,pendding,300498.XSHE,2016-04-18 09:30:00,buy,long,49.76,0.10
12300001,pendding,601688.XSHG,2016-04-18 09:30:00,sell,long,17.62,0.00
12300001,pendding,601888.XSHG,2016-04-18 09:30:00,sell,long,46.70,0.00
