id,status,symbol,time,type,trend,price,balance_rate
12300001,pendding,601939.XSHG,2017-12-08 09:30:00,sell,long,6.99,0.00
12300001,pendding,601288.XSHG,2017-12-08 09:30:00,sell,long,3.74,0.00
12300001,pendding,601988.XSHG,2017-12-08 09:30:00,sell,long,3.92,0.00
12300001,pendding,601628.XSHG,2017-12-08 09:30:00,sell,long,31.80,0.00
12300001,pendding,600900.XSHG,2017-12-08 09:30:00,sell,long,16.52,0.00
12300001,pendding,600104.XSHG,2017-12-08 09:30:00,sell,long,31.24,0.00
12300001,pendding,601998.XSHG,2017-12-08 09:30:00,sell,long,6.35,0.00
12300001,pendding,601668.XSHG,2017-12-08 09:30:00,sell,long,9.54,0.00
