id,status,symbol,time,type,trend,price,balance_rate
12300001,pendding,601398.XSHG,2017-02-21 09:30:00,buy,long,4.68,0.10
12300001,pendding,601939.XSHG,2017-02-21 09:30:00,buy,long,5.94,0.10
12300001,pendding,601318.XSHG,2017-02-21 09:30:00,buy,long,36.77,0.10
12300001,pendding,601288.XSHG,2017-02-21 09:30:00,buy,long,3.27,0.10
12300001,pendding,600519.XSHG,2017-02-21 09:30:00,buy,long,358.74,0.10
12300001,pendding,601988.XSHG,2017-02-21 09:30:00,buy,long,3.71,0.10
12300001,pendding,600036.XSHG,2017-02-21 09:30:00,buy,long,19.41,0.10
12300001,pendding,601628.XSHG,2017-02-21 09:30:00,buy,long,26.69,0.10
12300001,pendding,600028.XSHG,2017-02-21 09:30:00,buy,long,5.89,0.10
12300001,pendding,601328.XSHG,2017-02-21 09:30:00,buy,long,6.30,0.10
12300001,pendding,000858.XSHE,2017-02-21 09:30:00,buy,long,40.86,0.10
12300001,pendding,601998.XSHG,2017-02-21 09:30:00,buy,long,7.07,0.10
