id,status,symbol,time,type,trend,price,balance_rate
12300001,pendding,601318.XSHG,2015-11-25 09:30:00,sell,long,35.04,0.00
12300001,pendding,601988.XSHG,2015-11-25 09:30:00,buy,long,4.08,0.10
12300001,pendding,601601.XSHG,2015-11-25 09:30:00,buy,long,27.02,0.10
12300001,pendding,600016.XSHG,2015-11-25 09:30:00,sell,long,8.80,0.00
12300001,pendding,603288.XSHG,2015-11-25 09:30:00,buy,long,34.51,0.10
12300001,pendding,601800.XSHG,2015-11-25 09:30:00,sell,long,15.85,0.00
12300001,pendding,601336.XSHG,2015-11-25 09:30:00,buy,long,48.68,0.10
12300001,pendding,601688.XSHG,2015-11-25 09:30:00,buy,long,20.94,0.10
12300001,pendding,600019.XSHG,2015-11-25 09:30:00,sell,long,5.81,0.00
