id,status,symbol,time,type,trend,price,balance_rate
12300001,pendding,601398.XSHG,2014-11-11 09:30:00,buy,long,3.81,0.10
12300001,pendding,601939.XSHG,2014-11-11 09:30:00,buy,long,4.34,0.10
12300001,pendding,601318.XSHG,2014-11-11 09:30:00,buy,long,43.05,0.10
12300001,pendding,601857.XSHG,2014-11-11 09:30:00,buy,long,7.92,0.10
12300001,pendding,601288.XSHG,2014-11-11 09:30:00,buy,long,2.69,0.10
12300001,pendding,600519.XSHG,2014-11-11 09:30:00,buy,long,153.35,0.10
12300001,pendding,601988.XSHG,2014-11-11 09:30:00,buy,long,3.15,0.10
12300001,pendding,600036.XSHG,2014-11-11 09:30:00,buy,long,11.02,0.10
12300001,pendding,601628.XSHG,2014-11-11 09:30:00,buy,long,16.62,0.10
12300001,pendding,600028.XSHG,2014-11-11 09:30:00,buy,long,5.33,0.10
12300001,pendding,601328.XSHG,2014-11-11 09:30:00,buy,long,4.71,0.10
12300001,pendding,601818.XSHG,2014-11-11 09:30:00,buy,long,3.08,0.10
