id,status,symbol,time,type,trend,price,balance_rate
12300001,pendding,601857.XSHG,2015-03-27 09:30:00,sell,long,11.70,0.00
12300001,pendding,600519.XSHG,2015-03-27 09:30:00,sell,long,194.55,0.00
12300001,pendding,601088.XSHG,2015-03-27 09:30:00,buy,long,19.73,0.10
12300001,pendding,000651.XSHE,2015-03-27 09:30:00,buy,long,43.10,0.10
12300001,pendding,000002.XSHE,2015-03-27 09:30:00,buy,long,13.35,0.10
12300001,pendding,600585.XSHG,2015-03-27 09:30:00,buy,long,21.90,0.10
12300001,pendding,601818.XSHG,2015-03-27 09:30:00,buy,long,4.63,0.10
