id,status,symbol,time,type,trend,price,balance_rate
12300001,pendding,601939.XSHG,2015-06-17 09:30:00,buy,long,7.00,0.10
12300001,pendding,601988.XSHG,2015-06-17 09:30:00,buy,long,4.95,0.10
12300001,pendding,000858.XSHE,2015-06-17 09:30:00,buy,long,32.38,0.10
12300001,pendding,601088.XSHG,2015-06-17 09:30:00,buy,long,23.73,0.10
12300001,pendding,600000.XSHG,2015-06-17 09:30:00,buy,long,18.20,0.10
12300001,pendding,002415.XSHE,2015-06-17 09:30:00,buy,long,43.45,0.10
12300001,pendding,601668.XSHG,2015-06-17 09:30:00,buy,long,9.21,0.10
