id,status,symbol,time,type,trend,price,balance_rate
12300001,pendding,601318.XSHG,2015-09-08 09:30:00,buy,long,29.76,0.10
12300001,pendding,600036.XSHG,2015-09-08 09:30:00,buy,long,16.65,0.10
12300001,pendding,601628.XSHG,2015-09-08 09:30:00,buy,long,25.46,0.10
12300001,pendding,600028.XSHG,2015-09-08 09:30:00,buy,long,5.04,0.10
12300001,pendding,601166.XSHG,2015-09-08 09:30:00,buy,long,14.26,0.10
12300001,pendding,600000.XSHG,2015-09-08 09:30:00,buy,long,15.06,0.10
12300001,pendding,601998.XSHG,2015-09-08 09:30:00,buy,long,6.26,0.10
12300001,pendding,600276.XSHG,2015-09-08 09:30:00,buy,long,48.03,0.10
12300001,pendding,603288.XSHG,2015-09-08 09:30:00,buy,long,31.89,0.10
12300001,pendding,600030.XSHG,2015-09-08 09:30:00,buy,long,15.24,0.10
12300001,pendding,600585.XSHG,2015-09-08 09:30:00,buy,long,18.08,0.10
12300001,pendding,601818.XSHG,2015-09-08 09:30:00,buy,long,4.15,0.10
