id,status,symbol,time,type,trend,price,balance_rate
12300001,pendding,601318.XSHG,2017-06-14 09:30:00,sell,long,47.21,0.00
12300001,pendding,600036.XSHG,2017-06-14 09:30:00,sell,long,21.30,0.00
12300001,pendding,000858.XSHE,2017-06-14 09:30:00,sell,long,53.70,0.00
12300001,pendding,000333.XSHE,2017-06-14 09:30:00,sell,long,39.10,0.00
12300001,pendding,000651.XSHE,2017-06-14 09:30:00,sell,long,36.43,0.00
12300001,pendding,601601.XSHG,2017-06-14 09:30:00,sell,long,31.69,0.00
12300001,pendding,002415.XSHE,2017-06-14 09:30:00,sell,long,29.30,0.00
12300001,pendding,601668.XSHG,2017-06-14 09:30:00,sell,long,9.52,0.00
