id,status,symbol,time,type,trend,price,balance_rate
12300001,pendding,601398.XSHG,2015-06-01 09:30:00,buy,long,5.23,0.10
12300001,pendding,601939.XSHG,2015-06-01 09:30:00,buy,long,6.69,0.10
12300001,pendding,601318.XSHG,2015-06-01 09:30:00,buy,long,87.41,0.10
12300001,pendding,601857.XSHG,2015-06-01 09:30:00,buy,long,12.40,0.10
12300001,pendding,601288.XSHG,2015-06-01 09:30:00,buy,long,3.77,0.10
12300001,pendding,600519.XSHG,2015-06-01 09:30:00,buy,long,271.46,0.10
12300001,pendding,601988.XSHG,2015-06-01 09:30:00,buy,long,4.50,0.10
