id,status,symbol,time,type,trend,price,balance_rate
12300001,pendding,601318.XSHG,2015-01-09 09:30:00,buy,long,72.84,0.10
12300001,pendding,601857.XSHG,2015-01-09 09:30:00,sell,long,12.07,0.00
12300001,pendding,601988.XSHG,2015-01-09 09:30:00,buy,long,4.47,0.10
12300001,pendding,601628.XSHG,2015-01-09 09:30:00,buy,long,33.88,0.10
12300001,pendding,601088.XSHG,2015-01-09 09:30:00,sell,long,21.56,0.00
12300001,pendding,000333.XSHE,2015-01-09 09:30:00,sell,long,31.11,0.00
12300001,pendding,000651.XSHE,2015-01-09 09:30:00,buy,long,41.00,0.10
12300001,pendding,601601.XSHG,2015-01-09 09:30:00,buy,long,30.92,0.10
12300001,pendding,600276.XSHG,2015-01-09 09:30:00,buy,long,39.19,0.10
12300001,pendding,002415.XSHE,2015-01-09 09:30:00,buy,long,26.38,0.10
12300001,pendding,601800.XSHG,2015-01-09 09:30:00,buy,long,14.16,0.10
12300001,pendding,002304.XSHE,2015-01-09 09:30:00,sell,long,82.65,0.00
12300001,pendding,601336.XSHG,2015-01-09 09:30:00,buy,long,46.81,0.10
