id,status,symbol,time,type,trend,price,balance_rate
12300001,pendding,000333.XSHE,2017-09-13 09:30:00,buy,long,41.19,0.10
12300001,pendding,600000.XSHG,2017-09-13 09:30:00,sell,long,12.87,0.00
12300001,pendding,000002.XSHE,2017-09-13 09:30:00,buy,long,25.76,0.10
12300001,pendding,600104.XSHG,2017-09-13 09:30:00,buy,long,29.44,0.10
12300001,pendding,600276.XSHG,2017-09-13 09:30:00,sell,long,58.43,0.00
12300001,pendding,603288.XSHG,2017-09-13 09:30:00,buy,long,41.32,0.10
12300001,pendding,600585.XSHG,2017-09-13 09:30:00,buy,long,24.76,0.10
