id,status,symbol,time,type,trend,price,balance_rate
12300001,pendding,601398.XSHG,2015-05-22 09:30:00,buy,long,5.33,0.10
12300001,pendding,601939.XSHG,2015-05-22 09:30:00,buy,long,6.67,0.10
12300001,pendding,601318.XSHG,2015-05-22 09:30:00,buy,long,89.56,0.10
12300001,pendding,601857.XSHG,2015-05-22 09:30:00,buy,long,12.64,0.10
12300001,pendding,601288.XSHG,2015-05-22 09:30:00,buy,long,3.79,0.10
12300001,pendding,600519.XSHG,2015-05-22 09:30:00,buy,long,275.86,0.10
12300001,pendding,601988.XSHG,2015-05-22 09:30:00,buy,long,4.57,0.10
12300001,pendding,600036.XSHG,2015-05-22 09:30:00,buy,long,18.70,0.10
12300001,pendding,601628.XSHG,2015-05-22 09:30:00,buy,long,37.64,0.10
12300001,pendding,601328.XSHG,2015-05-22 09:30:00,buy,long,6.89,0.10
