id,status,symbol,time,type,trend,price,balance_rate
12300001,pendding,601398.XSHG,2015-08-12 09:30:00,sell,long,4.80,0.00
12300001,pendding,601939.XSHG,2015-08-12 09:30:00,sell,long,6.01,0.00
12300001,pendding,601318.XSHG,2015-08-12 09:30:00,sell,long,33.79,0.00
12300001,pendding,601288.XSHG,2015-08-12 09:30:00,sell,long,3.44,0.00
12300001,pendding,601988.XSHG,2015-08-12 09:30:00,sell,long,4.38,0.00
12300001,pendding,600036.XSHG,2015-08-12 09:30:00,sell,long,17.90,0.00
12300001,pendding,601628.XSHG,2015-08-12 09:30:00,sell,long,28.08,0.00
12300001,pendding,601328.XSHG,2015-08-12 09:30:00,sell,long,6.80,0.00
