id,status,symbol,time,type,trend,price,balance_rate
12300001,pendding,601939.XSHG,2014-11-18 09:30:00,sell,long,4.20,0.00
12300001,pendding,601857.XSHG,2014-11-18 09:30:00,sell,long,7.74,0.00
12300001,pendding,600519.XSHG,2014-11-18 09:30:00,sell,long,155.65,0.00
12300001,pendding,000858.XSHE,2014-11-18 09:30:00,sell,long,17.65,0.00
12300001,pendding,600900.XSHG,2014-11-18 09:30:00,sell,long,8.55,0.00
12300001,pendding,600104.XSHG,2014-11-18 09:30:00,buy,long,19.56,0.10
12300001,pendding,603288.XSHG,2014-11-18 09:30:00,buy,long,38.19,0.10
12300001,pendding,601800.XSHG,2014-11-18 09:30:00,buy,long,6.59,0.10
12300001,pendding,002304.XSHE,2014-11-18 09:30:00,buy,long,61.43,0.10
12300001,pendding,601888.XSHG,2014-11-18 09:30:00,buy,long,39.30,0.10
12300001,pendding,601390.XSHG,2014-11-18 09:30:00,buy,long,4.38,0.10
