id,status,symbol,time,type,trend,price,balance_rate
12300001,pendding,601398.XSHG,2015-01-19 09:30:00,sell,long,4.64,0.00
12300001,pendding,601939.XSHG,2015-01-19 09:30:00,sell,long,5.98,0.00
12300001,pendding,601857.XSHG,2015-01-19 09:30:00,sell,long,11.44,0.00
12300001,pendding,601288.XSHG,2015-01-19 09:30:00,sell,long,3.55,0.00
12300001,pendding,601988.XSHG,2015-01-19 09:30:00,sell,long,4.48,0.00
12300001,pendding,600028.XSHG,2015-01-19 09:30:00,sell,long,6.24,0.00
12300001,pendding,603288.XSHG,2015-01-19 09:30:00,buy,long,43.26,0.10
12300001,pendding,002415.XSHE,2015-01-19 09:30:00,buy,long,27.25,0.10
