id,status,symbol,time,type,trend,price,balance_rate
12300001,pendding,601398.XSHG,2017-09-15 09:30:00,sell,long,5.77,0.00
12300001,pendding,600900.XSHG,2017-09-15 09:30:00,sell,long,15.05,0.00
12300001,pendding,000651.XSHE,2017-09-15 09:30:00,buy,long,37.94,0.10
12300001,pendding,601668.XSHG,2017-09-15 09:30:00,buy,long,9.87,0.10
12300001,pendding,600585.XSHG,2017-09-15 09:30:00,sell,long,24.77,0.00
12300001,pendding,600887.XSHG,2017-09-15 09:30:00,buy,long,24.24,0.10
12300001,pendding,002304.XSHE,2017-09-15 09:30:00,buy,long,87.87,0.10
12300001,pendding,601390.XSHG,2017-09-15 09:30:00,buy,long,8.85,0.10
