id,status,symbol,time,type,trend,price,balance_rate
12300001,pendding,601398.XSHG,2014-12-09 09:30:00,sell,long,4.20,0.00
12300001,pendding,601939.XSHG,2014-12-09 09:30:00,sell,long,5.52,0.00
12300001,pendding,601318.XSHG,2014-12-09 09:30:00,sell,long,59.32,0.00
12300001,pendding,601857.XSHG,2014-12-09 09:30:00,sell,long,9.50,0.00
12300001,pendding,601288.XSHG,2014-12-09 09:30:00,sell,long,3.05,0.00
12300001,pendding,600036.XSHG,2014-12-09 09:30:00,sell,long,13.04,0.00
12300001,pendding,600028.XSHG,2014-12-09 09:30:00,sell,long,5.90,0.00
12300001,pendding,601328.XSHG,2014-12-09 09:30:00,sell,long,5.69,0.00
12300001,pendding,600900.XSHG,2014-12-09 09:30:00,sell,long,9.26,0.00
12300001,pendding,600000.XSHG,2014-12-09 09:30:00,sell,long,12.65,0.00
12300001,pendding,600016.XSHG,2014-12-09 09:30:00,sell,long,8.33,0.00
12300001,pendding,601688.XSHG,2014-12-09 09:30:00,sell,long,24.13,0.00
