id,status,symbol,time,type,trend,price,balance_rate
12300001,pendding,601939.XSHG,2015-11-23 09:30:00,buy,long,5.71,0.10
12300001,pendding,601318.XSHG,2015-11-23 09:30:00,buy,long,34.97,0.10
12300001,pendding,601857.XSHG,2015-11-23 09:30:00,sell,long,8.92,0.00
12300001,pendding,601328.XSHG,2015-11-23 09:30:00,sell,long,6.62,0.00
12300001,pendding,000858.XSHE,2015-11-23 09:30:00,sell,long,25.45,0.00
12300001,pendding,601166.XSHG,2015-11-23 09:30:00,buy,long,16.41,0.10
12300001,pendding,600000.XSHG,2015-11-23 09:30:00,buy,long,19.06,0.10
12300001,pendding,600276.XSHG,2015-11-23 09:30:00,sell,long,50.39,0.00
12300001,pendding,600016.XSHG,2015-11-23 09:30:00,buy,long,8.84,0.10
12300001,pendding,600050.XSHG,2015-11-23 09:30:00,sell,long,6.68,0.00
12300001,pendding,601800.XSHG,2015-11-23 09:30:00,buy,long,16.26,0.10
