id,status,symbol,time,type,trend,price,balance_rate
12300001,pendding,601939.XSHG,2017-02-28 09:30:00,sell,long,5.92,0.00
12300001,pendding,601318.XSHG,2017-02-28 09:30:00,sell,long,36.23,0.00
12300001,pendding,600519.XSHG,2017-02-28 09:30:00,sell,long,354.66,0.00
12300001,pendding,600276.XSHG,2017-02-28 09:30:00,buy,long,50.39,0.10
12300001,pendding,603288.XSHG,2017-02-28 09:30:00,buy,long,30.89,0.10
12300001,pendding,601818.XSHG,2017-02-28 09:30:00,buy,long,4.14,0.10
12300001,pendding,600050.XSHG,2017-02-28 09:30:00,buy,long,7.03,0.10
12300001,pendding,600887.XSHG,2017-02-28 09:30:00,buy,long,18.06,0.10
