id,status,symbol,time,type,trend,price,balance_rate
12300001,pendding,601857.XSHG,2016-11-14 09:30:00,buy,long,7.44,0.10
12300001,pendding,000858.XSHE,2016-11-14 09:30:00,sell,long,34.35,0.00
12300001,pendding,000002.XSHE,2016-11-14 09:30:00,sell,long,25.70,0.00
12300001,pendding,600030.XSHG,2016-11-14 09:30:00,buy,long,17.65,0.10
12300001,pendding,601668.XSHG,2016-11-14 09:30:00,buy,long,8.08,0.10
12300001,pendding,000001.XSHE,2016-11-14 09:30:00,buy,long,9.22,0.10
12300001,pendding,600887.XSHG,2016-11-14 09:30:00,sell,long,17.76,0.00
12300001,pendding,601800.XSHG,2016-11-14 09:30:00,buy,long,15.93,0.10
