id,status,symbol,time,type,trend,price,balance_rate
12300001,pendding,601398.XSHG,2014-12-10 09:30:00,buy,long,4.30,0.10
12300001,pendding,601939.XSHG,2014-12-10 09:30:00,buy,long,5.64,0.10
12300001,pendding,600519.XSHG,2014-12-10 09:30:00,buy,long,179.92,0.10
12300001,pendding,600036.XSHG,2014-12-10 09:30:00,buy,long,14.12,0.10
12300001,pendding,000858.XSHE,2014-12-10 09:30:00,buy,long,20.57,0.10
12300001,pendding,600900.XSHG,2014-12-10 09:30:00,buy,long,9.90,0.10
12300001,pendding,601166.XSHG,2014-12-10 09:30:00,buy,long,13.32,0.10
12300001,pendding,600000.XSHG,2014-12-10 09:30:00,buy,long,13.16,0.10
12300001,pendding,000651.XSHE,2014-12-10 09:30:00,buy,long,37.11,0.10
12300001,pendding,000002.XSHE,2014-12-10 09:30:00,buy,long,11.95,0.10
12300001,pendding,601668.XSHG,2014-12-10 09:30:00,buy,long,5.40,0.10
