id,status,symbol,time,type,trend,price,balance_rate
12300001,pendding,601628.XSHG,2017-11-15 09:30:00,sell,long,32.39,0.00
12300001,pendding,000858.XSHE,2017-11-15 09:30:00,buy,long,74.80,0.10
12300001,pendding,600900.XSHG,2017-11-15 09:30:00,sell,long,16.24,0.00
12300001,pendding,601166.XSHG,2017-11-15 09:30:00,sell,long,16.94,0.00
12300001,pendding,600000.XSHG,2017-11-15 09:30:00,buy,long,12.60,0.10
12300001,pendding,000002.XSHE,2017-11-15 09:30:00,buy,long,28.44,0.10
12300001,pendding,600104.XSHG,2017-11-15 09:30:00,buy,long,32.51,0.10
