id,status,symbol,time,type,trend,price,balance_rate
12300001,pendding,601398.XSHG,2015-02-26 09:30:00,buy,long,4.59,0.10
12300001,pendding,601939.XSHG,2015-02-26 09:30:00,buy,long,5.68,0.10
12300001,pendding,601318.XSHG,2015-02-26 09:30:00,buy,long,69.87,0.10
12300001,pendding,601857.XSHG,2015-02-26 09:30:00,buy,long,11.34,0.10
12300001,pendding,601288.XSHG,2015-02-26 09:30:00,buy,long,3.35,0.10
12300001,pendding,600519.XSHG,2015-02-26 09:30:00,buy,long,186.64,0.10
12300001,pendding,601988.XSHG,2015-02-26 09:30:00,buy,long,4.14,0.10
12300001,pendding,600036.XSHG,2015-02-26 09:30:00,buy,long,14.67,0.10
12300001,pendding,601628.XSHG,2015-02-26 09:30:00,buy,long,37.88,0.10
12300001,pendding,600028.XSHG,2015-02-26 09:30:00,buy,long,6.13,0.10
12300001,pendding,601328.XSHG,2015-02-26 09:30:00,buy,long,6.12,0.10
