id,status,symbol,time,type,trend,price,balance_rate
12300001,pendding,601628.XSHG,2016-12-08 09:30:00,buy,long,24.74,0.10
12300001,pendding,000858.XSHE,2016-12-08 09:30:00,buy,long,36.80,0.10
12300001,pendding,600900.XSHG,2016-12-08 09:30:00,sell,long,13.07,0.00
12300001,pendding,601088.XSHG,2016-12-08 09:30:00,buy,long,17.29,0.10
12300001,pendding,601998.XSHG,2016-12-08 09:30:00,buy,long,6.94,0.10
12300001,pendding,002415.XSHE,2016-12-08 09:30:00,sell,long,24.90,0.00
12300001,pendding,600050.XSHG,2016-12-08 09:30:00,buy,long,7.01,0.10
