id,status,symbol,time,type,trend,price,balance_rate
12300001,pendding,601988.XSHG,2017-03-02 09:30:00,sell,long,3.67,0.00
12300001,pendding,600036.XSHG,2017-03-02 09:30:00,sell,long,19.10,0.00
12300001,pendding,002415.XSHE,2017-03-02 09:30:00,buy,long,28.50,0.10
12300001,pendding,600585.XSHG,2017-03-02 09:30:00,buy,long,20.88,0.10
12300001,pendding,002304.XSHE,2017-03-02 09:30:00,buy,long,83.75,0.10
12300001,pendding,001979.XSHE,2017-03-02 09:30:00,buy,long,17.29,0.10
12300001,pendding,601888.XSHG,2017-03-02 09:30:00,buy,long,49.39,0.10
