id,status,symbol,time,type,trend,price,balance_rate
12300001,pendding,601318.XSHG,2017-06-19 09:30:00,buy,long,48.56,0.10
12300001,pendding,000333.XSHE,2017-06-19 09:30:00,buy,long,40.34,0.10
12300001,pendding,000651.XSHE,2017-06-19 09:30:00,buy,long,37.31,0.10
12300001,pendding,600276.XSHG,2017-06-19 09:30:00,sell,long,50.27,0.00
12300001,pendding,000001.XSHE,2017-06-19 09:30:00,buy,long,9.13,0.10
12300001,pendding,001979.XSHE,2017-06-19 09:30:00,buy,long,20.76,0.10
12300001,pendding,601688.XSHG,2017-06-19 09:30:00,buy,long,17.75,0.10
12300001,pendding,600019.XSHG,2017-06-19 09:30:00,buy,long,6.45,0.10
