id,status,symbol,time,type,trend,price,balance_rate
12300001,pendding,601398.XSHG,2015-01-08 09:30:00,sell,long,4.83,0.00
12300001,pendding,601288.XSHG,2015-01-08 09:30:00,sell,long,3.73,0.00
12300001,pendding,601988.XSHG,2015-01-08 09:30:00,sell,long,4.33,0.00
12300001,pendding,600028.XSHG,2015-01-08 09:30:00,sell,long,6.85,0.00
12300001,pendding,600900.XSHG,2015-01-08 09:30:00,sell,long,10.82,0.00
12300001,pendding,600000.XSHG,2015-01-08 09:30:00,sell,long,15.25,0.00
12300001,pendding,601688.XSHG,2015-01-08 09:30:00,sell,long,25.21,0.00
