id,status,symbol,time,type,trend,price,balance_rate
12300001,pendding,601398.XSHG,2017-03-28 09:30:00,buy,long,4.75,0.10
12300001,pendding,601939.XSHG,2017-03-28 09:30:00,buy,long,5.91,0.10
12300001,pendding,601288.XSHG,2017-03-28 09:30:00,buy,long,3.28,0.10
12300001,pendding,600036.XSHG,2017-03-28 09:30:00,buy,long,18.97,0.10
12300001,pendding,600028.XSHG,2017-03-28 09:30:00,sell,long,5.67,0.00
12300001,pendding,601328.XSHG,2017-03-28 09:30:00,buy,long,6.18,0.10
12300001,pendding,000333.XSHE,2017-03-28 09:30:00,sell,long,33.95,0.00
12300001,pendding,600104.XSHG,2017-03-28 09:30:00,sell,long,24.68,0.00
12300001,pendding,601998.XSHG,2017-03-28 09:30:00,buy,long,6.64,0.10
12300001,pendding,603288.XSHG,2017-03-28 09:30:00,buy,long,34.95,0.10
