id,status,symbol,time,type,trend,price,balance_rate
12300001,pendding,601398.XSHG,2016-06-30 09:30:00,buy,long,4.44,0.10
12300001,pendding,601318.XSHG,2016-06-30 09:30:00,buy,long,32.04,0.10
12300001,pendding,601857.XSHG,2016-06-30 09:30:00,buy,long,7.23,0.10
12300001,pendding,601288.XSHG,2016-06-30 09:30:00,buy,long,3.20,0.10
12300001,pendding,600519.XSHG,2016-06-30 09:30:00,buy,long,291.92,0.10
12300001,pendding,600036.XSHG,2016-06-30 09:30:00,buy,long,17.50,0.10
12300001,pendding,601628.XSHG,2016-06-30 09:30:00,buy,long,20.82,0.10
12300001,pendding,600028.XSHG,2016-06-30 09:30:00,buy,long,4.72,0.10
12300001,pendding,601328.XSHG,2016-06-30 09:30:00,buy,long,5.63,0.10
12300001,pendding,000858.XSHE,2016-06-30 09:30:00,buy,long,32.53,0.10
12300001,pendding,601998.XSHG,2016-06-30 09:30:00,buy,long,5.67,0.10
