id,status,symbol,time,type,trend,price,balance_rate
12300001,pendding,601857.XSHG,2015-11-11 09:30:00,buy,long,9.20,0.10
12300001,pendding,600519.XSHG,2015-11-11 09:30:00,buy,long,220.15,0.10
12300001,pendding,601988.XSHG,2015-11-11 09:30:00,buy,long,4.10,0.10
12300001,pendding,601166.XSHG,2015-11-11 09:30:00,sell,long,16.41,0.00
12300001,pendding,600000.XSHG,2015-11-11 09:30:00,sell,long,17.73,0.00
12300001,pendding,000002.XSHE,2015-11-11 09:30:00,buy,long,14.17,0.10
12300001,pendding,601998.XSHG,2015-11-11 09:30:00,buy,long,7.68,0.10
12300001,pendding,002304.XSHE,2015-11-11 09:30:00,sell,long,67.47,0.00
12300001,pendding,601688.XSHG,2015-11-11 09:30:00,buy,long,21.78,0.10
12300001,pendding,600019.XSHG,2015-11-11 09:30:00,buy,long,6.05,0.10
