id,status,symbol,time,type,trend,price,balance_rate
12300001,pendding,601939.XSHG,2016-05-05 09:30:00,buy,long,4.74,0.10
12300001,pendding,601628.XSHG,2016-05-05 09:30:00,buy,long,21.97,0.10
12300001,pendding,600104.XSHG,2016-05-05 09:30:00,sell,long,20.15,0.00
12300001,pendding,600276.XSHG,2016-05-05 09:30:00,buy,long,47.55,0.10
12300001,pendding,603288.XSHG,2016-05-05 09:30:00,buy,long,30.25,0.10
12300001,pendding,600030.XSHG,2016-05-05 09:30:00,buy,long,16.73,0.10
12300001,pendding,002415.XSHE,2016-05-05 09:30:00,buy,long,32.13,0.10
12300001,pendding,601668.XSHG,2016-05-05 09:30:00,buy,long,5.59,0.10
