id,status,symbol,time,type,trend,price,balance_rate
12300001,pendding,601939.XSHG,2015-01-07 09:30:00,sell,long,6.63,0.00
12300001,pendding,600036.XSHG,2015-01-07 09:30:00,sell,long,16.16,0.00
12300001,pendding,000858.XSHE,2015-01-07 09:30:00,buy,long,23.48,0.10
12300001,pendding,600900.XSHG,2015-01-07 09:30:00,buy,long,11.16,0.10
12300001,pendding,601088.XSHG,2015-01-07 09:30:00,buy,long,22.86,0.10
12300001,pendding,000333.XSHE,2015-01-07 09:30:00,buy,long,31.65,0.10
12300001,pendding,600000.XSHG,2015-01-07 09:30:00,buy,long,15.81,0.10
