id,status,symbol,time,type,trend,price,balance_rate
12300001,pendding,601398.XSHG,2015-03-11 09:30:00,sell,long,4.46,0.00
12300001,pendding,601939.XSHG,2015-03-11 09:30:00,sell,long,5.64,0.00
12300001,pendding,601857.XSHG,2015-03-11 09:30:00,sell,long,10.75,0.00
12300001,pendding,601988.XSHG,2015-03-11 09:30:00,buy,long,4.01,0.10
12300001,pendding,000858.XSHE,2015-03-11 09:30:00,buy,long,21.30,0.10
12300001,pendding,600900.XSHG,2015-03-11 09:30:00,buy,long,10.00,0.10
12300001,pendding,601166.XSHG,2015-03-11 09:30:00,buy,long,14.57,0.10
12300001,pendding,000333.XSHE,2015-03-11 09:30:00,buy,long,30.97,0.10
12300001,pendding,000651.XSHE,2015-03-11 09:30:00,buy,long,39.43,0.10
12300001,pendding,600104.XSHG,2015-03-11 09:30:00,buy,long,23.58,0.10
