id,status,symbol,time,type,trend,price,balance_rate
12300001,pendding,601398.XSHG,2016-04-07 09:30:00,sell,long,4.26,0.00
12300001,pendding,601318.XSHG,2016-04-07 09:30:00,sell,long,31.37,0.00
12300001,pendding,601288.XSHG,2016-04-07 09:30:00,sell,long,3.16,0.00
12300001,pendding,600519.XSHG,2016-04-07 09:30:00,buy,long,254.11,0.10
12300001,pendding,601328.XSHG,2016-04-07 09:30:00,sell,long,5.53,0.00
12300001,pendding,000858.XSHE,2016-04-07 09:30:00,sell,long,27.79,0.00
12300001,pendding,601088.XSHG,2016-04-07 09:30:00,buy,long,14.10,0.10
12300001,pendding,601166.XSHG,2016-04-07 09:30:00,buy,long,15.44,0.10
12300001,pendding,601601.XSHG,2016-04-07 09:30:00,buy,long,25.98,0.10
12300001,pendding,600104.XSHG,2016-04-07 09:30:00,buy,long,20.19,0.10
12300001,pendding,600276.XSHG,2016-04-07 09:30:00,buy,long,47.71,0.10
