id,status,symbol,time,type,trend,price,balance_rate
12300001,pendding,601398.XSHG,2014-12-23 09:30:00,sell,long,4.48,0.00
12300001,pendding,601857.XSHG,2014-12-23 09:30:00,sell,long,9.78,0.00
12300001,pendding,601988.XSHG,2014-12-23 09:30:00,sell,long,3.72,0.00
12300001,pendding,600028.XSHG,2014-12-23 09:30:00,sell,long,6.03,0.00
12300001,pendding,601328.XSHG,2014-12-23 09:30:00,sell,long,6.17,0.00
12300001,pendding,600900.XSHG,2014-12-23 09:30:00,sell,long,10.26,0.00
12300001,pendding,601088.XSHG,2014-12-23 09:30:00,sell,long,19.12,0.00
12300001,pendding,601166.XSHG,2014-12-23 09:30:00,sell,long,14.35,0.00
12300001,pendding,601818.XSHG,2014-12-23 09:30:00,sell,long,4.24,0.00
12300001,pendding,600050.XSHG,2014-12-23 09:30:00,sell,long,4.63,0.00
12300001,pendding,600019.XSHG,2014-12-23 09:30:00,sell,long,6.66,0.00
