id,status,symbol,time,type,trend,price,balance_rate
12300001,pendding,601398.XSHG,2015-07-20 09:30:00,sell,long,5.17,0.00
12300001,pendding,601318.XSHG,2015-07-20 09:30:00,buy,long,81.09,0.10
12300001,pendding,601857.XSHG,2015-07-20 09:30:00,buy,long,13.73,0.10
12300001,pendding,601288.XSHG,2015-07-20 09:30:00,sell,long,3.73,0.00
12300001,pendding,000651.XSHE,2015-07-20 09:30:00,buy,long,24.53,0.10
12300001,pendding,002304.XSHE,2015-07-20 09:30:00,sell,long,67.17,0.00
12300001,pendding,601336.XSHG,2015-07-20 09:30:00,buy,long,50.14,0.10
12300001,pendding,600019.XSHG,2015-07-20 09:30:00,buy,long,7.36,0.10
