id,status,symbol,time,type,trend,price,balance_rate
12300001,pendding,601328.XSHG,2017-04-12 09:30:00,sell,long,6.14,0.00
12300001,pendding,000858.XSHE,2017-04-12 09:30:00,buy,long,42.05,0.10
12300001,pendding,600900.XSHG,2017-04-12 09:30:00,buy,long,13.55,0.10
12300001,pendding,601088.XSHG,2017-04-12 09:30:00,sell,long,19.25,0.00
12300001,pendding,000002.XSHE,2017-04-12 09:30:00,buy,long,21.02,0.10
12300001,pendding,600104.XSHG,2017-04-12 09:30:00,buy,long,25.62,0.10
12300001,pendding,601668.XSHG,2017-04-12 09:30:00,buy,long,10.24,0.10
