id,status,symbol,time,type,trend,price,balance_rate
12300001,pendding,601398.XSHG,2015-11-12 09:30:00,sell,long,4.65,0.00
12300001,pendding,601939.XSHG,2015-11-12 09:30:00,sell,long,5.76,0.00
12300001,pendding,601318.XSHG,2015-11-12 09:30:00,sell,long,35.43,0.00
12300001,pendding,601288.XSHG,2015-11-12 09:30:00,sell,long,3.23,0.00
12300001,pendding,601988.XSHG,2015-11-12 09:30:00,sell,long,4.05,0.00
12300001,pendding,000651.XSHE,2015-11-12 09:30:00,sell,long,19.07,0.00
12300001,pendding,601998.XSHG,2015-11-12 09:30:00,sell,long,7.63,0.00
12300001,pendding,600030.XSHG,2015-11-12 09:30:00,sell,long,20.16,0.00
12300001,pendding,600019.XSHG,2015-11-12 09:30:00,sell,long,5.92,0.00
