id,status,symbol,time,type,trend,price,balance_rate
12300001,pendding,601857.XSHG,2017-10-09 09:30:00,sell,long,7.98,0.00
12300001,pendding,600036.XSHG,2017-10-09 09:30:00,buy,long,26.08,0.10
12300001,pendding,600900.XSHG,2017-10-09 09:30:00,buy,long,15.24,0.10
12300001,pendding,603288.XSHG,2017-10-09 09:30:00,sell,long,46.15,0.00
12300001,pendding,002415.XSHE,2017-10-09 09:30:00,buy,long,32.13,0.10
12300001,pendding,000001.XSHE,2017-10-09 09:30:00,buy,long,11.30,0.10
12300001,pendding,002304.XSHE,2017-10-09 09:30:00,sell,long,100.00,0.00
12300001,pendding,001979.XSHE,2017-10-09 09:30:00,buy,long,18.61,0.10
