id,status,symbol,time,type,trend,price,balance_rate
12300001,pendding,601088.XSHG,2017-05-09 09:30:00,sell,long,19.74,0.00
12300001,pendding,000333.XSHE,2017-05-09 09:30:00,sell,long,35.30,0.00
12300001,pendding,600104.XSHG,2017-05-09 09:30:00,sell,long,27.19,0.00
12300001,pendding,601800.XSHG,2017-05-09 09:30:00,sell,long,16.83,0.00
12300001,pendding,002304.XSHE,2017-05-09 09:30:00,buy,long,80.80,0.10
12300001,pendding,601336.XSHG,2017-05-09 09:30:00,buy,long,46.96,0.10
12300001,pendding,601390.XSHG,2017-05-09 09:30:00,buy,long,8.90,0.10
