id,status,symbol,time,type,trend,price,balance_rate
12300001,pendding,601398.XSHG,2014-12-01 09:30:00,buy,long,4.01,0.10
12300001,pendding,601628.XSHG,2014-12-01 09:30:00,sell,long,21.79,0.00
12300001,pendding,600028.XSHG,2014-12-01 09:30:00,buy,long,5.41,0.10
12300001,pendding,601328.XSHG,2014-12-01 09:30:00,buy,long,5.42,0.10
12300001,pendding,601601.XSHG,2014-12-01 09:30:00,sell,long,23.69,0.00
12300001,pendding,600276.XSHG,2014-12-01 09:30:00,buy,long,36.95,0.10
12300001,pendding,600016.XSHG,2014-12-01 09:30:00,buy,long,7.19,0.10
12300001,pendding,601818.XSHG,2014-12-01 09:30:00,buy,long,3.91,0.10
12300001,pendding,601336.XSHG,2014-12-01 09:30:00,sell,long,40.91,0.00
12300001,pendding,601688.XSHG,2014-12-01 09:30:00,buy,long,18.54,0.10
12300001,pendding,600019.XSHG,2014-12-01 09:30:00,buy,long,5.35,0.10
12300001,pendding,601390.XSHG,2014-12-01 09:30:00,sell,long,4.94,0.00
