id,status,symbol,time,type,trend,price,balance_rate
12300001,pendding,601988.XSHG,2017-04-28 09:30:00,buy,long,3.59,0.10
12300001,pendding,601628.XSHG,2017-04-28 09:30:00,buy,long,26.13,0.10
12300001,pendding,601328.XSHG,2017-04-28 09:30:00,buy,long,6.02,0.10
12300001,pendding,600104.XSHG,2017-04-28 09:30:00,sell,long,27.25,0.00
12300001,pendding,600016.XSHG,2017-04-28 09:30:00,buy,long,7.87,0.10
12300001,pendding,603288.XSHG,2017-04-28 09:30:00,buy,long,36.84,0.10
12300001,pendding,600019.XSHG,2017-04-28 09:30:00,buy,long,6.24,0.10
