id,status,symbol,time,type,trend,price,balance_rate
12300001,pendding,601398.XSHG,2016-12-15 09:30:00,sell,long,4.46,0.00
12300001,pendding,601318.XSHG,2016-12-15 09:30:00,sell,long,35.60,0.00
12300001,pendding,601857.XSHG,2016-12-15 09:30:00,sell,long,7.60,0.00
12300001,pendding,600519.XSHG,2016-12-15 09:30:00,sell,long,328.05,0.00
12300001,pendding,601988.XSHG,2016-12-15 09:30:00,sell,long,3.48,0.00
12300001,pendding,600036.XSHG,2016-12-15 09:30:00,sell,long,18.24,0.00
12300001,pendding,600028.XSHG,2016-12-15 09:30:00,sell,long,5.45,0.00
12300001,pendding,601328.XSHG,2016-12-15 09:30:00,sell,long,5.83,0.00
12300001,pendding,601166.XSHG,2016-12-15 09:30:00,sell,long,16.61,0.00
12300001,pendding,600016.XSHG,2016-12-15 09:30:00,sell,long,9.51,0.00
12300001,pendding,002304.XSHE,2016-12-15 09:30:00,sell,long,70.14,0.00
