id,status,symbol,time,type,trend,price,balance_rate
12300001,pendding,601857.XSHG,2016-02-26 09:30:00,buy,long,7.26,0.10
12300001,pendding,600519.XSHG,2016-02-26 09:30:00,buy,long,216.84,0.10
12300001,pendding,601088.XSHG,2016-02-26 09:30:00,buy,long,13.29,0.10
12300001,pendding,601601.XSHG,2016-02-26 09:30:00,buy,long,23.39,0.10
12300001,pendding,002415.XSHE,2016-02-26 09:30:00,buy,long,28.59,0.10
12300001,pendding,600585.XSHG,2016-02-26 09:30:00,buy,long,13.63,0.10
12300001,pendding,300498.XSHE,2016-02-26 09:30:00,buy,long,45.67,0.10
12300001,pendding,600019.XSHG,2016-02-26 09:30:00,buy,long,5.23,0.10
