id,status,symbol,time,type,trend,price,balance_rate
12300001,pendding,601939.XSHG,2015-06-18 09:30:00,sell,long,6.70,0.00
12300001,pendding,601988.XSHG,2015-06-18 09:30:00,sell,long,4.73,0.00
12300001,pendding,601328.XSHG,2015-06-18 09:30:00,sell,long,8.12,0.00
12300001,pendding,000858.XSHE,2015-06-18 09:30:00,sell,long,30.33,0.00
12300001,pendding,601088.XSHG,2015-06-18 09:30:00,sell,long,22.28,0.00
12300001,pendding,600000.XSHG,2015-06-18 09:30:00,sell,long,17.72,0.00
12300001,pendding,601998.XSHG,2015-06-18 09:30:00,sell,long,8.01,0.00
12300001,pendding,002415.XSHE,2015-06-18 09:30:00,sell,long,41.85,0.00
12300001,pendding,601668.XSHG,2015-06-18 09:30:00,sell,long,8.81,0.00
12300001,pendding,601688.XSHG,2015-06-18 09:30:00,sell,long,27.98,0.00
