id,status,symbol,time,type,trend,price,balance_rate
12300001,pendding,601318.XSHG,2015-04-24 09:30:00,sell,long,84.87,0.00
12300001,pendding,601857.XSHG,2015-04-24 09:30:00,buy,long,13.32,0.10
12300001,pendding,601288.XSHG,2015-04-24 09:30:00,sell,long,3.92,0.00
12300001,pendding,000858.XSHE,2015-04-24 09:30:00,sell,long,26.89,0.00
12300001,pendding,601088.XSHG,2015-04-24 09:30:00,sell,long,22.81,0.00
12300001,pendding,000651.XSHE,2015-04-24 09:30:00,sell,long,48.48,0.00
12300001,pendding,600104.XSHG,2015-04-24 09:30:00,sell,long,27.17,0.00
12300001,pendding,600887.XSHG,2015-04-24 09:30:00,buy,long,38.50,0.10
12300001,pendding,601800.XSHG,2015-04-24 09:30:00,buy,long,22.05,0.10
12300001,pendding,601390.XSHG,2015-04-24 09:30:00,buy,long,19.28,0.10
