id,status,symbol,time,type,trend,price,balance_rate
12300001,pendding,601398.XSHG,2015-08-10 09:30:00,buy,long,4.92,0.10
12300001,pendding,601939.XSHG,2015-08-10 09:30:00,buy,long,6.17,0.10
12300001,pendding,601318.XSHG,2015-08-10 09:30:00,buy,long,35.09,0.10
12300001,pendding,601857.XSHG,2015-08-10 09:30:00,buy,long,11.07,0.10
12300001,pendding,601288.XSHG,2015-08-10 09:30:00,buy,long,3.51,0.10
12300001,pendding,600519.XSHG,2015-08-10 09:30:00,buy,long,212.30,0.10
12300001,pendding,601988.XSHG,2015-08-10 09:30:00,buy,long,4.49,0.10
12300001,pendding,600036.XSHG,2015-08-10 09:30:00,buy,long,18.62,0.10
12300001,pendding,601628.XSHG,2015-08-10 09:30:00,buy,long,29.28,0.10
12300001,pendding,600028.XSHG,2015-08-10 09:30:00,buy,long,6.12,0.10
12300001,pendding,601328.XSHG,2015-08-10 09:30:00,buy,long,7.02,0.10
