id,status,symbol,time,type,trend,price,balance_rate
12300001,pendding,600519.XSHG,2015-01-27 09:30:00,buy,long,180.11,0.10
12300001,pendding,601628.XSHG,2015-01-27 09:30:00,buy,long,40.63,0.10
12300001,pendding,000858.XSHE,2015-01-27 09:30:00,buy,long,23.03,0.10
12300001,pendding,601601.XSHG,2015-01-27 09:30:00,buy,long,36.33,0.10
12300001,pendding,600104.XSHG,2015-01-27 09:30:00,buy,long,24.19,0.10
12300001,pendding,600276.XSHG,2015-01-27 09:30:00,buy,long,42.14,0.10
12300001,pendding,002415.XSHE,2015-01-27 09:30:00,buy,long,28.80,0.10
12300001,pendding,601668.XSHG,2015-01-27 09:30:00,buy,long,6.39,0.10
12300001,pendding,600585.XSHG,2015-01-27 09:30:00,buy,long,20.68,0.10
