id,status,symbol,time,type,trend,price,balance_rate
12300001,pendding,601318.XSHG,2015-07-14 09:30:00,sell,long,78.63,0.00
12300001,pendding,000858.XSHE,2015-07-14 09:30:00,sell,long,26.32,0.00
12300001,pendding,601088.XSHG,2015-07-14 09:30:00,sell,long,20.08,0.00
12300001,pendding,601166.XSHG,2015-07-14 09:30:00,sell,long,17.17,0.00
12300001,pendding,000333.XSHE,2015-07-14 09:30:00,sell,long,36.04,0.00
12300001,pendding,600000.XSHG,2015-07-14 09:30:00,sell,long,16.75,0.00
12300001,pendding,000651.XSHE,2015-07-14 09:30:00,sell,long,24.88,0.00
12300001,pendding,000002.XSHE,2015-07-14 09:30:00,sell,long,14.55,0.00
12300001,pendding,600276.XSHG,2015-07-14 09:30:00,sell,long,45.91,0.00
12300001,pendding,603288.XSHG,2015-07-14 09:30:00,sell,long,34.41,0.00
12300001,pendding,600030.XSHG,2015-07-14 09:30:00,sell,long,25.64,0.00
12300001,pendding,601668.XSHG,2015-07-14 09:30:00,sell,long,8.03,0.00
