id,status,symbol,time,type,trend,price,balance_rate
12300001,pendding,601857.XSHG,2016-12-05 09:30:00,sell,long,7.64,0.00
12300001,pendding,600519.XSHG,2016-12-05 09:30:00,sell,long,315.93,0.00
12300001,pendding,600028.XSHG,2016-12-05 09:30:00,sell,long,5.37,0.00
12300001,pendding,600276.XSHG,2016-12-05 09:30:00,buy,long,47.09,0.10
12300001,pendding,600016.XSHG,2016-12-05 09:30:00,buy,long,9.43,0.10
12300001,pendding,002415.XSHE,2016-12-05 09:30:00,buy,long,25.42,0.10
12300001,pendding,000001.XSHE,2016-12-05 09:30:00,sell,long,9.46,0.00
12300001,pendding,601818.XSHG,2016-12-05 09:30:00,sell,long,4.06,0.00
