id,status,symbol,time,type,trend,price,balance_rate
12300001,pendding,601398.XSHG,2015-03-09 09:30:00,buy,long,4.52,0.10
12300001,pendding,601939.XSHG,2015-03-09 09:30:00,buy,long,5.70,0.10
12300001,pendding,601857.XSHG,2015-03-09 09:30:00,buy,long,10.89,0.10
12300001,pendding,601288.XSHG,2015-03-09 09:30:00,buy,long,3.29,0.10
12300001,pendding,600519.XSHG,2015-03-09 09:30:00,buy,long,191.56,0.10
12300001,pendding,601988.XSHG,2015-03-09 09:30:00,buy,long,4.03,0.10
12300001,pendding,600036.XSHG,2015-03-09 09:30:00,buy,long,14.68,0.10
12300001,pendding,600028.XSHG,2015-03-09 09:30:00,buy,long,6.11,0.10
