id,status,symbol,time,type,trend,price,balance_rate
12300001,pendding,601939.XSHG,2016-05-06 09:30:00,sell,long,4.69,0.00
12300001,pendding,600519.XSHG,2016-05-06 09:30:00,sell,long,252.22,0.00
12300001,pendding,601628.XSHG,2016-05-06 09:30:00,sell,long,21.12,0.00
12300001,pendding,000858.XSHE,2016-05-06 09:30:00,sell,long,29.31,0.00
12300001,pendding,600000.XSHG,2016-05-06 09:30:00,sell,long,17.73,0.00
12300001,pendding,601998.XSHG,2016-05-06 09:30:00,sell,long,5.82,0.00
12300001,pendding,600276.XSHG,2016-05-06 09:30:00,sell,long,46.92,0.00
12300001,pendding,600030.XSHG,2016-05-06 09:30:00,sell,long,16.10,0.00
12300001,pendding,002415.XSHE,2016-05-06 09:30:00,sell,long,30.95,0.00
12300001,pendding,601668.XSHG,2016-05-06 09:30:00,sell,long,5.45,0.00
