id,status,symbol,time,type,trend,price,balance_rate
12300001,pendding,600036.XSHG,2017-07-06 09:30:00,buy,long,23.96,0.10
12300001,pendding,601628.XSHG,2017-07-06 09:30:00,buy,long,27.79,0.10
12300001,pendding,600028.XSHG,2017-07-06 09:30:00,buy,long,6.06,0.10
12300001,pendding,601998.XSHG,2017-07-06 09:30:00,sell,long,6.22,0.00
12300001,pendding,600016.XSHG,2017-07-06 09:30:00,sell,long,8.06,0.00
12300001,pendding,600585.XSHG,2017-07-06 09:30:00,buy,long,22.64,0.10
12300001,pendding,300498.XSHE,2017-07-06 09:30:00,buy,long,23.81,0.10
