id,status,symbol,time,type,trend,price,balance_rate
12300001,pendding,600519.XSHG,2015-06-16 09:30:00,sell,long,253.95,0.00
12300001,pendding,601328.XSHG,2015-06-16 09:30:00,buy,long,8.92,0.10
12300001,pendding,000858.XSHE,2015-06-16 09:30:00,sell,long,31.29,0.00
12300001,pendding,601998.XSHG,2015-06-16 09:30:00,buy,long,8.37,0.10
12300001,pendding,600585.XSHG,2015-06-16 09:30:00,sell,long,26.35,0.00
12300001,pendding,002304.XSHE,2015-06-16 09:30:00,sell,long,108.10,0.00
12300001,pendding,601688.XSHG,2015-06-16 09:30:00,buy,long,30.60,0.10
12300001,pendding,600019.XSHG,2015-06-16 09:30:00,sell,long,9.06,0.00
