id,status,symbol,time,type,trend,price,balance_rate
12300001,pendding,601398.XSHG,2016-12-01 09:30:00,buy,long,4.52,0.10
12300001,pendding,600519.XSHG,2016-12-01 09:30:00,buy,long,321.02,0.10
12300001,pendding,601628.XSHG,2016-12-01 09:30:00,sell,long,25.42,0.00
12300001,pendding,600028.XSHG,2016-12-01 09:30:00,buy,long,5.27,0.10
12300001,pendding,600900.XSHG,2016-12-01 09:30:00,buy,long,13.31,0.10
12300001,pendding,601166.XSHG,2016-12-01 09:30:00,buy,long,16.90,0.10
12300001,pendding,601818.XSHG,2016-12-01 09:30:00,buy,long,4.11,0.10
