id,status,symbol,time,type,trend,price,balance_rate
12300001,pendding,601318.XSHG,2015-04-21 09:30:00,buy,long,87.99,0.10
12300001,pendding,601628.XSHG,2015-04-21 09:30:00,buy,long,38.62,0.10
12300001,pendding,600028.XSHG,2015-04-21 09:30:00,buy,long,7.27,0.10
12300001,pendding,000858.XSHE,2015-04-21 09:30:00,buy,long,28.06,0.10
12300001,pendding,600900.XSHG,2015-04-21 09:30:00,buy,long,12.86,0.10
12300001,pendding,601088.XSHG,2015-04-21 09:30:00,buy,long,22.80,0.10
12300001,pendding,000333.XSHE,2015-04-21 09:30:00,buy,long,37.00,0.10
12300001,pendding,000651.XSHE,2015-04-21 09:30:00,buy,long,49.18,0.10
12300001,pendding,600104.XSHG,2015-04-21 09:30:00,buy,long,28.20,0.10
