id,status,symbol,time,type,trend,price,balance_rate
12300001,pendding,600028.XSHG,2017-02-24 09:30:00,sell,long,5.81,0.00
12300001,pendding,600900.XSHG,2017-02-24 09:30:00,buy,long,13.14,0.10
12300001,pendding,601166.XSHG,2017-02-24 09:30:00,buy,long,16.90,0.10
12300001,pendding,000333.XSHE,2017-02-24 09:30:00,buy,long,32.37,0.10
12300001,pendding,000002.XSHE,2017-02-24 09:30:00,buy,long,20.72,0.10
12300001,pendding,601998.XSHG,2017-02-24 09:30:00,sell,long,6.95,0.00
12300001,pendding,601668.XSHG,2017-02-24 09:30:00,buy,long,9.03,0.10
