id,status,symbol,time,type,trend,price,balance_rate
12300001,pendding,601939.XSHG,2017-07-12 09:30:00,buy,long,6.27,0.10
12300001,pendding,600900.XSHG,2017-07-12 09:30:00,sell,long,15.33,0.00
12300001,pendding,600000.XSHG,2017-07-12 09:30:00,buy,long,12.86,0.10
12300001,pendding,601601.XSHG,2017-07-12 09:30:00,sell,long,34.49,0.00
12300001,pendding,601998.XSHG,2017-07-12 09:30:00,buy,long,6.43,0.10
12300001,pendding,600585.XSHG,2017-07-12 09:30:00,sell,long,22.89,0.00
12300001,pendding,300498.XSHE,2017-07-12 09:30:00,sell,long,23.42,0.00
12300001,pendding,601818.XSHG,2017-07-12 09:30:00,buy,long,4.07,0.10
12300001,pendding,600887.XSHG,2017-07-12 09:30:00,buy,long,20.84,0.10
