id,status,symbol,time,type,trend,price,balance_rate
12300001,pendding,601398.XSHG,2016-03-30 09:30:00,buy,long,4.32,0.10
12300001,pendding,601939.XSHG,2016-03-30 09:30:00,buy,long,4.90,0.10
12300001,pendding,601318.XSHG,2016-03-30 09:30:00,buy,long,31.99,0.10
12300001,pendding,601857.XSHG,2016-03-30 09:30:00,buy,long,7.67,0.10
12300001,pendding,600036.XSHG,2016-03-30 09:30:00,buy,long,16.24,0.10
12300001,pendding,601628.XSHG,2016-03-30 09:30:00,buy,long,24.09,0.10
12300001,pendding,600028.XSHG,2016-03-30 09:30:00,buy,long,4.73,0.10
12300001,pendding,601328.XSHG,2016-03-30 09:30:00,buy,long,5.58,0.10
