id,status,symbol,time,type,trend,price,balance_rate
12300001,pendding,601318.XSHG,2015-05-08 09:30:00,sell,long,86.90,0.00
12300001,pendding,600519.XSHG,2015-05-08 09:30:00,buy,long,254.17,0.10
12300001,pendding,000858.XSHE,2015-05-08 09:30:00,buy,long,25.55,0.10
12300001,pendding,000333.XSHE,2015-05-08 09:30:00,buy,long,35.20,0.10
12300001,pendding,000651.XSHE,2015-05-08 09:30:00,buy,long,53.17,0.10
12300001,pendding,600016.XSHG,2015-05-08 09:30:00,sell,long,10.61,0.00
12300001,pendding,603288.XSHG,2015-05-08 09:30:00,buy,long,32.50,0.10
12300001,pendding,601668.XSHG,2015-05-08 09:30:00,buy,long,9.77,0.10
12300001,pendding,600887.XSHG,2015-05-08 09:30:00,buy,long,36.65,0.10
12300001,pendding,601800.XSHG,2015-05-08 09:30:00,buy,long,18.36,0.10
12300001,pendding,600019.XSHG,2015-05-08 09:30:00,buy,long,8.49,0.10
