id,status,symbol,time,type,trend,price,balance_rate
12300001,pendding,601318.XSHG,2015-03-26 09:30:00,buy,long,78.14,0.10
12300001,pendding,601857.XSHG,2015-03-26 09:30:00,buy,long,11.99,0.10
12300001,pendding,600519.XSHG,2015-03-26 09:30:00,buy,long,198.56,0.10
12300001,pendding,600028.XSHG,2015-03-26 09:30:00,buy,long,6.44,0.10
12300001,pendding,000858.XSHE,2015-03-26 09:30:00,buy,long,23.34,0.10
12300001,pendding,601668.XSHG,2015-03-26 09:30:00,buy,long,7.01,0.10
12300001,pendding,002304.XSHE,2015-03-26 09:30:00,buy,long,82.10,0.10
12300001,pendding,601390.XSHG,2015-03-26 09:30:00,sell,long,12.51,0.00
