id,status,symbol,time,type,trend,price,balance_rate
12300001,pendding,601398.XSHG,2016-07-08 09:30:00,sell,long,4.29,0.00
12300001,pendding,601318.XSHG,2016-07-08 09:30:00,sell,long,31.78,0.00
12300001,pendding,600519.XSHG,2016-07-08 09:30:00,sell,long,309.91,0.00
12300001,pendding,600036.XSHG,2016-07-08 09:30:00,sell,long,17.39,0.00
12300001,pendding,600900.XSHG,2016-07-08 09:30:00,buy,long,12.92,0.10
12300001,pendding,601088.XSHG,2016-07-08 09:30:00,buy,long,14.20,0.10
12300001,pendding,000333.XSHE,2016-07-08 09:30:00,buy,long,24.15,0.10
12300001,pendding,600276.XSHG,2016-07-08 09:30:00,buy,long,40.56,0.10
12300001,pendding,603288.XSHG,2016-07-08 09:30:00,buy,long,30.93,0.10
