id,status,symbol,time,type,trend,price,balance_rate
12300001,pendding,601398.XSHG,2016-11-09 09:30:00,sell,long,4.40,0.00
12300001,pendding,601328.XSHG,2016-11-09 09:30:00,sell,long,5.59,0.00
12300001,pendding,000858.XSHE,2016-11-09 09:30:00,buy,long,34.70,0.10
12300001,pendding,601166.XSHG,2016-11-09 09:30:00,sell,long,16.19,0.00
12300001,pendding,000002.XSHE,2016-11-09 09:30:00,buy,long,26.30,0.10
12300001,pendding,600104.XSHG,2016-11-09 09:30:00,buy,long,23.45,0.10
12300001,pendding,601998.XSHG,2016-11-09 09:30:00,buy,long,6.13,0.10
12300001,pendding,603288.XSHG,2016-11-09 09:30:00,sell,long,30.99,0.00
12300001,pendding,600030.XSHG,2016-11-09 09:30:00,sell,long,16.66,0.00
12300001,pendding,300498.XSHE,2016-11-09 09:30:00,buy,long,34.18,0.10
12300001,pendding,600887.XSHG,2016-11-09 09:30:00,buy,long,17.92,0.10
