id,status,symbol,time,type,trend,price,balance_rate
12300001,pendding,601318.XSHG,2015-04-29 09:30:00,buy,long,87.60,0.10
12300001,pendding,600028.XSHG,2015-04-29 09:30:00,sell,long,8.31,0.00
12300001,pendding,600900.XSHG,2015-04-29 09:30:00,buy,long,12.90,0.10
12300001,pendding,601166.XSHG,2015-04-29 09:30:00,buy,long,19.76,0.10
12300001,pendding,000333.XSHE,2015-04-29 09:30:00,buy,long,37.45,0.10
12300001,pendding,600000.XSHG,2015-04-29 09:30:00,buy,long,18.53,0.10
12300001,pendding,601998.XSHG,2015-04-29 09:30:00,buy,long,8.10,0.10
12300001,pendding,601818.XSHG,2015-04-29 09:30:00,buy,long,5.67,0.10
12300001,pendding,600050.XSHG,2015-04-29 09:30:00,sell,long,9.96,0.00
12300001,pendding,601390.XSHG,2015-04-29 09:30:00,sell,long,21.74,0.00
