id,status,symbol,time,type,trend,price,balance_rate
12300001,pendding,601628.XSHG,2015-01-14 09:30:00,sell,long,32.93,0.00
12300001,pendding,000333.XSHE,2015-01-14 09:30:00,sell,long,31.88,0.00
12300001,pendding,000651.XSHE,2015-01-14 09:30:00,sell,long,42.61,0.00
12300001,pendding,600104.XSHG,2015-01-14 09:30:00,sell,long,24.33,0.00
12300001,pendding,600276.XSHG,2015-01-14 09:30:00,sell,long,39.16,0.00
12300001,pendding,002415.XSHE,2015-01-14 09:30:00,sell,long,26.75,0.00
12300001,pendding,601336.XSHG,2015-01-14 09:30:00,sell,long,45.32,0.00
