id,status,symbol,time,type,trend,price,balance_rate
12300001,pendding,601939.XSHG,2016-12-14 09:30:00,sell,long,5.61,0.00
12300001,pendding,601318.XSHG,2016-12-14 09:30:00,buy,long,37.03,0.10
12300001,pendding,601857.XSHG,2016-12-14 09:30:00,buy,long,7.75,0.10
12300001,pendding,600519.XSHG,2016-12-14 09:30:00,buy,long,332.27,0.10
12300001,pendding,601328.XSHG,2016-12-14 09:30:00,buy,long,6.09,0.10
12300001,pendding,600000.XSHG,2016-12-14 09:30:00,sell,long,17.18,0.00
12300001,pendding,601800.XSHG,2016-12-14 09:30:00,sell,long,14.13,0.00
12300001,pendding,002304.XSHE,2016-12-14 09:30:00,buy,long,72.49,0.10
12300001,pendding,600019.XSHG,2016-12-14 09:30:00,sell,long,6.87,0.00
