id,status,symbol,time,type,trend,price,balance_rate
12300001,pendding,600519.XSHG,2015-09-17 09:30:00,sell,long,198.00,0.00
12300001,pendding,601628.XSHG,2015-09-17 09:30:00,sell,long,26.45,0.00
12300001,pendding,601328.XSHG,2015-09-17 09:30:00,sell,long,6.24,0.00
12300001,pendding,601166.XSHG,2015-09-17 09:30:00,sell,long,14.63,0.00
12300001,pendding,600104.XSHG,2015-09-17 09:30:00,sell,long,17.45,0.00
12300001,pendding,600016.XSHG,2015-09-17 09:30:00,sell,long,8.76,0.00
12300001,pendding,603288.XSHG,2015-09-17 09:30:00,sell,long,31.86,0.00
