id,status,symbol,time,type,trend,price,balance_rate
12300001,pendding,600519.XSHG,2017-12-04 09:30:00,buy,long,637.79,0.10
12300001,pendding,000858.XSHE,2017-12-04 09:30:00,buy,long,67.95,0.10
12300001,pendding,601601.XSHG,2017-12-04 09:30:00,buy,long,42.46,0.10
12300001,pendding,002415.XSHE,2017-12-04 09:30:00,buy,long,38.39,0.10
12300001,pendding,600050.XSHG,2017-12-04 09:30:00,buy,long,7.12,0.10
12300001,pendding,600887.XSHG,2017-12-04 09:30:00,buy,long,29.60,0.10
12300001,pendding,002304.XSHE,2017-12-04 09:30:00,buy,long,107.86,0.10
12300001,pendding,601888.XSHG,2017-12-04 09:30:00,sell,long,40.94,0.00
