id,status,symbol,time,type,trend,price,balance_rate
12300001,pendding,000858.XSHE,2017-08-11 09:30:00,sell,long,56.00,0.00
12300001,pendding,000333.XSHE,2017-08-11 09:30:00,sell,long,39.64,0.00
12300001,pendding,000651.XSHE,2017-08-11 09:30:00,sell,long,38.16,0.00
12300001,pendding,600104.XSHG,2017-08-11 09:30:00,buy,long,29.72,0.10
12300001,pendding,603288.XSHG,2017-08-11 09:30:00,buy,long,39.69,0.10
12300001,pendding,002415.XSHE,2017-08-11 09:30:00,buy,long,29.23,0.10
12300001,pendding,600887.XSHG,2017-08-11 09:30:00,sell,long,22.39,0.00
12300001,pendding,002304.XSHE,2017-08-11 09:30:00,sell,long,90.28,0.00
