id,status,symbol,time,type,trend,price,balance_rate
12300001,pendding,601318.XSHG,2015-05-05 09:30:00,sell,long,86.15,0.00
12300001,pendding,600036.XSHG,2015-05-05 09:30:00,sell,long,17.45,0.00
12300001,pendding,600900.XSHG,2015-05-05 09:30:00,sell,long,12.74,0.00
12300001,pendding,000651.XSHE,2015-05-05 09:30:00,sell,long,53.25,0.00
12300001,pendding,000002.XSHE,2015-05-05 09:30:00,sell,long,13.77,0.00
12300001,pendding,600276.XSHG,2015-05-05 09:30:00,buy,long,56.92,0.10
12300001,pendding,002415.XSHE,2015-05-05 09:30:00,sell,long,31.11,0.00
12300001,pendding,601668.XSHG,2015-05-05 09:30:00,sell,long,10.80,0.00
12300001,pendding,000001.XSHE,2015-05-05 09:30:00,sell,long,15.86,0.00
