id,status,symbol,time,type,trend,price,balance_rate
12300001,pendding,601857.XSHG,2016-03-24 09:30:00,sell,long,7.63,0.00
12300001,pendding,601988.XSHG,2016-03-24 09:30:00,sell,long,3.35,0.00
12300001,pendding,600036.XSHG,2016-03-24 09:30:00,sell,long,16.11,0.00
12300001,pendding,600028.XSHG,2016-03-24 09:30:00,sell,long,4.54,0.00
12300001,pendding,601088.XSHG,2016-03-24 09:30:00,sell,long,13.93,0.00
12300001,pendding,601166.XSHG,2016-03-24 09:30:00,sell,long,15.38,0.00
12300001,pendding,600000.XSHG,2016-03-24 09:30:00,sell,long,17.72,0.00
12300001,pendding,600104.XSHG,2016-03-24 09:30:00,sell,long,19.67,0.00
12300001,pendding,601998.XSHG,2016-03-24 09:30:00,sell,long,6.00,0.00
