id,status,symbol,time,type,trend,price,balance_rate
12300001,pendding,600519.XSHG,2017-07-24 09:30:00,buy,long,477.80,0.10
12300001,pendding,601988.XSHG,2017-07-24 09:30:00,buy,long,3.80,0.10
12300001,pendding,600036.XSHG,2017-07-24 09:30:00,buy,long,25.71,0.10
12300001,pendding,600900.XSHG,2017-07-24 09:30:00,buy,long,14.92,0.10
12300001,pendding,601998.XSHG,2017-07-24 09:30:00,sell,long,6.77,0.00
12300001,pendding,600276.XSHG,2017-07-24 09:30:00,buy,long,50.06,0.10
12300001,pendding,600030.XSHG,2017-07-24 09:30:00,buy,long,17.51,0.10
12300001,pendding,601818.XSHG,2017-07-24 09:30:00,sell,long,4.27,0.00
12300001,pendding,600887.XSHG,2017-07-24 09:30:00,buy,long,21.19,0.10
12300001,pendding,601800.XSHG,2017-07-24 09:30:00,sell,long,17.00,0.00
12300001,pendding,002304.XSHE,2017-07-24 09:30:00,buy,long,88.00,0.10
