id,status,symbol,time,type,trend,price,balance_rate
12300001,pendding,601398.XSHG,2015-11-27 09:30:00,sell,long,4.58,0.00
12300001,pendding,601939.XSHG,2015-11-27 09:30:00,sell,long,5.69,0.00
12300001,pendding,601988.XSHG,2015-11-27 09:30:00,sell,long,3.95,0.00
12300001,pendding,600000.XSHG,2015-11-27 09:30:00,sell,long,18.53,0.00
12300001,pendding,000651.XSHE,2015-11-27 09:30:00,sell,long,18.55,0.00
12300001,pendding,601601.XSHG,2015-11-27 09:30:00,sell,long,26.39,0.00
12300001,pendding,000002.XSHE,2015-11-27 09:30:00,sell,long,14.26,0.00
12300001,pendding,603288.XSHG,2015-11-27 09:30:00,sell,long,33.91,0.00
12300001,pendding,601336.XSHG,2015-11-27 09:30:00,sell,long,44.59,0.00
12300001,pendding,601688.XSHG,2015-11-27 09:30:00,sell,long,18.69,0.00
