id,status,symbol,time,type,trend,price,balance_rate
12300001,pendding,601398.XSHG,2017-09-07 09:30:00,buy,long,5.88,0.10
12300001,pendding,601939.XSHG,2017-09-07 09:30:00,buy,long,7.01,0.10
12300001,pendding,601601.XSHG,2017-09-07 09:30:00,sell,long,38.69,0.00
12300001,pendding,000002.XSHE,2017-09-07 09:30:00,buy,long,25.97,0.10
12300001,pendding,601998.XSHG,2017-09-07 09:30:00,buy,long,6.51,0.10
12300001,pendding,600016.XSHG,2017-09-07 09:30:00,sell,long,8.30,0.00
12300001,pendding,603288.XSHG,2017-09-07 09:30:00,buy,long,41.61,0.10
12300001,pendding,600030.XSHG,2017-09-07 09:30:00,sell,long,17.95,0.00
12300001,pendding,002415.XSHE,2017-09-07 09:30:00,sell,long,33.18,0.00
12300001,pendding,000001.XSHE,2017-09-07 09:30:00,sell,long,11.44,0.00
12300001,pendding,600887.XSHG,2017-09-07 09:30:00,sell,long,23.46,0.00
12300001,pendding,601800.XSHG,2017-09-07 09:30:00,buy,long,15.84,0.10
12300001,pendding,001979.XSHE,2017-09-07 09:30:00,buy,long,19.42,0.10
