id,status,symbol,time,type,trend,price,balance_rate
12300001,pendding,601318.XSHG,2015-06-15 09:30:00,sell,long,86.98,0.00
12300001,pendding,601088.XSHG,2015-06-15 09:30:00,sell,long,23.37,0.00
12300001,pendding,600276.XSHG,2015-06-15 09:30:00,sell,long,45.96,0.00
12300001,pendding,002415.XSHE,2015-06-15 09:30:00,sell,long,44.28,0.00
12300001,pendding,601818.XSHG,2015-06-15 09:30:00,sell,long,6.00,0.00
12300001,pendding,600019.XSHG,2015-06-15 09:30:00,buy,long,9.71,0.10
12300001,pendding,601888.XSHG,2015-06-15 09:30:00,sell,long,70.46,0.00
