id,status,symbol,time,type,trend,price,balance_rate
12300001,pendding,601857.XSHG,2015-11-18 09:30:00,buy,long,9.05,0.10
12300001,pendding,000858.XSHE,2015-11-18 09:30:00,buy,long,26.02,0.10
12300001,pendding,600900.XSHG,2015-11-18 09:30:00,sell,long,13.44,0.00
12300001,pendding,000002.XSHE,2015-11-18 09:30:00,buy,long,14.67,0.10
12300001,pendding,601998.XSHG,2015-11-18 09:30:00,buy,long,8.13,0.10
12300001,pendding,600030.XSHG,2015-11-18 09:30:00,buy,long,20.78,0.10
12300001,pendding,000001.XSHE,2015-11-18 09:30:00,buy,long,12.42,0.10
12300001,pendding,601818.XSHG,2015-11-18 09:30:00,buy,long,4.49,0.10
12300001,pendding,601800.XSHG,2015-11-18 09:30:00,sell,long,15.66,0.00
