id,status,symbol,time,type,trend,price,balance_rate
12300001,pendding,601398.XSHG,2016-02-19 09:30:00,buy,long,4.02,0.10
12300001,pendding,601939.XSHG,2016-02-19 09:30:00,buy,long,4.69,0.10
12300001,pendding,601318.XSHG,2016-02-19 09:30:00,buy,long,29.92,0.10
12300001,pendding,601857.XSHG,2016-02-19 09:30:00,buy,long,7.42,0.10
12300001,pendding,601288.XSHG,2016-02-19 09:30:00,buy,long,2.95,0.10
12300001,pendding,601988.XSHG,2016-02-19 09:30:00,buy,long,3.22,0.10
12300001,pendding,601628.XSHG,2016-02-19 09:30:00,buy,long,20.18,0.10
12300001,pendding,600028.XSHG,2016-02-19 09:30:00,buy,long,4.40,0.10
12300001,pendding,601328.XSHG,2016-02-19 09:30:00,buy,long,5.28,0.10
12300001,pendding,601088.XSHG,2016-02-19 09:30:00,buy,long,13.39,0.10
