id,status,symbol,time,type,trend,price,balance_rate
12300001,pendding,601939.XSHG,2018-01-10 09:30:00,buy,long,7.78,0.10
12300001,pendding,601318.XSHG,2018-01-10 09:30:00,buy,long,71.72,0.10
12300001,pendding,601857.XSHG,2018-01-10 09:30:00,buy,long,8.75,0.10
12300001,pendding,601288.XSHG,2018-01-10 09:30:00,buy,long,3.91,0.10
12300001,pendding,600519.XSHG,2018-01-10 09:30:00,buy,long,785.71,0.10
12300001,pendding,601988.XSHG,2018-01-10 09:30:00,buy,long,4.03,0.10
12300001,pendding,600036.XSHG,2018-01-10 09:30:00,buy,long,30.53,0.10
12300001,pendding,600028.XSHG,2018-01-10 09:30:00,buy,long,7.15,0.10
12300001,pendding,601328.XSHG,2018-01-10 09:30:00,buy,long,6.32,0.10
12300001,pendding,000858.XSHE,2018-01-10 09:30:00,buy,long,88.90,0.10
12300001,pendding,600900.XSHG,2018-01-10 09:30:00,buy,long,16.17,0.10
