id,status,symbol,time,type,trend,price,balance_rate
12300001,pendding,601398.XSHG,2015-12-28 09:30:00,sell,long,4.59,0.00
12300001,pendding,601939.XSHG,2015-12-28 09:30:00,sell,long,5.78,0.00
12300001,pendding,601318.XSHG,2015-12-28 09:30:00,sell,long,35.70,0.00
12300001,pendding,601857.XSHG,2015-12-28 09:30:00,sell,long,8.37,0.00
12300001,pendding,601288.XSHG,2015-12-28 09:30:00,sell,long,3.20,0.00
12300001,pendding,600519.XSHG,2015-12-28 09:30:00,sell,long,219.12,0.00
12300001,pendding,600036.XSHG,2015-12-28 09:30:00,sell,long,17.84,0.00
12300001,pendding,601628.XSHG,2015-12-28 09:30:00,sell,long,28.94,0.00
12300001,pendding,600028.XSHG,2015-12-28 09:30:00,sell,long,4.92,0.00
12300001,pendding,601328.XSHG,2015-12-28 09:30:00,sell,long,6.47,0.00
12300001,pendding,601818.XSHG,2015-12-28 09:30:00,sell,long,4.22,0.00
