id,status,symbol,time,type,trend,price,balance_rate
12300001,pendding,601398.XSHG,2015-03-25 09:30:00,sell,long,4.69,0.00
12300001,pendding,601939.XSHG,2015-03-25 09:30:00,sell,long,5.98,0.00
12300001,pendding,601857.XSHG,2015-03-25 09:30:00,sell,long,11.33,0.00
12300001,pendding,601288.XSHG,2015-03-25 09:30:00,sell,long,3.64,0.00
12300001,pendding,601988.XSHG,2015-03-25 09:30:00,sell,long,4.30,0.00
12300001,pendding,600028.XSHG,2015-03-25 09:30:00,sell,long,6.26,0.00
12300001,pendding,601328.XSHG,2015-03-25 09:30:00,sell,long,6.28,0.00
12300001,pendding,000858.XSHE,2015-03-25 09:30:00,sell,long,22.48,0.00
12300001,pendding,600900.XSHG,2015-03-25 09:30:00,sell,long,10.83,0.00
12300001,pendding,601166.XSHG,2015-03-25 09:30:00,sell,long,16.72,0.00
12300001,pendding,000333.XSHE,2015-03-25 09:30:00,sell,long,31.54,0.00
12300001,pendding,000651.XSHE,2015-03-25 09:30:00,sell,long,41.81,0.00
12300001,pendding,600104.XSHG,2015-03-25 09:30:00,sell,long,24.79,0.00
12300001,pendding,600276.XSHG,2015-03-25 09:30:00,buy,long,45.19,0.10
12300001,pendding,600887.XSHG,2015-03-25 09:30:00,buy,long,30.39,0.10
12300001,pendding,601390.XSHG,2015-03-25 09:30:00,buy,long,12.97,0.10
