id,status,symbol,time,type,trend,price,balance_rate
12300001,pendding,601318.XSHG,2017-11-23 09:30:00,sell,long,74.32,0.00
12300001,pendding,601857.XSHG,2017-11-23 09:30:00,buy,long,8.29,0.10
12300001,pendding,600036.XSHG,2017-11-23 09:30:00,sell,long,30.00,0.00
12300001,pendding,600028.XSHG,2017-11-23 09:30:00,buy,long,6.17,0.10
12300001,pendding,601166.XSHG,2017-11-23 09:30:00,buy,long,17.81,0.10
12300001,pendding,000002.XSHE,2017-11-23 09:30:00,sell,long,31.30,0.00
12300001,pendding,600104.XSHG,2017-11-23 09:30:00,sell,long,32.33,0.00
12300001,pendding,600016.XSHG,2017-11-23 09:30:00,buy,long,9.07,0.10
12300001,pendding,601668.XSHG,2017-11-23 09:30:00,buy,long,9.73,0.10
12300001,pendding,000001.XSHE,2017-11-23 09:30:00,sell,long,14.35,0.00
12300001,pendding,600050.XSHG,2017-11-23 09:30:00,buy,long,8.19,0.10
