id,status,symbol,time,type,trend,price,balance_rate
12300001,pendding,601601.XSHG,2016-08-19 09:30:00,buy,long,26.40,0.10
12300001,pendding,603288.XSHG,2016-08-19 09:30:00,sell,long,31.94,0.00
12300001,pendding,002415.XSHE,2016-08-19 09:30:00,buy,long,25.90,0.10
12300001,pendding,601668.XSHG,2016-08-19 09:30:00,buy,long,6.46,0.10
12300001,pendding,000001.XSHE,2016-08-19 09:30:00,buy,long,9.51,0.10
12300001,pendding,300498.XSHE,2016-08-19 09:30:00,buy,long,37.84,0.10
12300001,pendding,600050.XSHG,2016-08-19 09:30:00,buy,long,4.56,0.10
12300001,pendding,601800.XSHG,2016-08-19 09:30:00,buy,long,12.63,0.10
