id,status,symbol,time,type,trend,price,balance_rate
12300001,pendding,601318.XSHG,2015-07-22 09:30:00,sell,long,79.25,0.00
12300001,pendding,600104.XSHG,2015-07-22 09:30:00,sell,long,21.92,0.00
12300001,pendding,600276.XSHG,2015-07-22 09:30:00,sell,long,45.93,0.00
12300001,pendding,601668.XSHG,2015-07-22 09:30:00,buy,long,8.01,0.10
12300001,pendding,600050.XSHG,2015-07-22 09:30:00,buy,long,7.00,0.10
12300001,pendding,601800.XSHG,2015-07-22 09:30:00,sell,long,16.79,0.00
12300001,pendding,601888.XSHG,2015-07-22 09:30:00,buy,long,71.31,0.10
12300001,pendding,601390.XSHG,2015-07-22 09:30:00,buy,long,15.30,0.10
