id,status,symbol,time,type,trend,price,balance_rate
12300001,pendding,601398.XSHG,2017-10-27 09:30:00,buy,long,6.19,0.10
12300001,pendding,601939.XSHG,2017-10-27 09:30:00,buy,long,7.14,0.10
12300001,pendding,600900.XSHG,2017-10-27 09:30:00,sell,long,16.05,0.00
12300001,pendding,600276.XSHG,2017-10-27 09:30:00,buy,long,65.88,0.10
12300001,pendding,600585.XSHG,2017-10-27 09:30:00,sell,long,26.00,0.00
12300001,pendding,300498.XSHE,2017-10-27 09:30:00,buy,long,24.30,0.10
12300001,pendding,600019.XSHG,2017-10-27 09:30:00,buy,long,7.70,0.10
