id,status,symbol,time,type,trend,price,balance_rate
12300001,pendding,601988.XSHG,2015-07-16 09:30:00,sell,long,5.23,0.00
12300001,pendding,600028.XSHG,2015-07-16 09:30:00,sell,long,7.11,0.00
12300001,pendding,000858.XSHE,2015-07-16 09:30:00,buy,long,25.64,0.10
12300001,pendding,600104.XSHG,2015-07-16 09:30:00,buy,long,23.77,0.10
12300001,pendding,601998.XSHG,2015-07-16 09:30:00,sell,long,9.88,0.00
12300001,pendding,600276.XSHG,2015-07-16 09:30:00,buy,long,44.17,0.10
12300001,pendding,600016.XSHG,2015-07-16 09:30:00,sell,long,9.80,0.00
12300001,pendding,603288.XSHG,2015-07-16 09:30:00,buy,long,32.75,0.10
12300001,pendding,601818.XSHG,2015-07-16 09:30:00,sell,long,5.37,0.00
12300001,pendding,601800.XSHG,2015-07-16 09:30:00,buy,long,16.54,0.10
12300001,pendding,002304.XSHE,2015-07-16 09:30:00,buy,long,67.51,0.10
