id,status,symbol,time,type,trend,price,balance_rate
12300001,pendding,601318.XSHG,2015-07-24 09:30:00,sell,long,80.62,0.00
12300001,pendding,600276.XSHG,2015-07-24 09:30:00,sell,long,44.58,0.00
12300001,pendding,603288.XSHG,2015-07-24 09:30:00,sell,long,33.41,0.00
12300001,pendding,600585.XSHG,2015-07-24 09:30:00,sell,long,20.27,0.00
12300001,pendding,600050.XSHG,2015-07-24 09:30:00,sell,long,7.16,0.00
12300001,pendding,600019.XSHG,2015-07-24 09:30:00,sell,long,7.43,0.00
12300001,pendding,601888.XSHG,2015-07-24 09:30:00,sell,long,69.81,0.00
12300001,pendding,601390.XSHG,2015-07-24 09:30:00,sell,long,14.91,0.00
