id,status,symbol,time,type,trend,price,balance_rate
12300001,pendding,600519.XSHG,2015-01-28 09:30:00,sell,long,177.47,0.00
12300001,pendding,601628.XSHG,2015-01-28 09:30:00,sell,long,38.90,0.00
12300001,pendding,601601.XSHG,2015-01-28 09:30:00,sell,long,34.75,0.00
12300001,pendding,600276.XSHG,2015-01-28 09:30:00,sell,long,41.15,0.00
12300001,pendding,603288.XSHG,2015-01-28 09:30:00,sell,long,46.00,0.00
12300001,pendding,002415.XSHE,2015-01-28 09:30:00,sell,long,28.01,0.00
12300001,pendding,601668.XSHG,2015-01-28 09:30:00,sell,long,6.22,0.00
12300001,pendding,600585.XSHG,2015-01-28 09:30:00,sell,long,20.38,0.00
