id,status,symbol,time,type,trend,price,balance_rate
12300001,pendding,601398.XSHG,2015-04-01 09:30:00,buy,long,4.89,0.10
12300001,pendding,601939.XSHG,2015-04-01 09:30:00,buy,long,6.15,0.10
12300001,pendding,601318.XSHG,2015-04-01 09:30:00,sell,long,79.15,0.00
12300001,pendding,601288.XSHG,2015-04-01 09:30:00,buy,long,3.69,0.10
12300001,pendding,601988.XSHG,2015-04-01 09:30:00,buy,long,4.41,0.10
12300001,pendding,600036.XSHG,2015-04-01 09:30:00,buy,long,15.73,0.10
12300001,pendding,601818.XSHG,2015-04-01 09:30:00,buy,long,4.83,0.10
