id,status,symbol,time,type,trend,price,balance_rate
12300001,pendding,601398.XSHG,2017-10-23 09:30:00,sell,long,6.19,0.00
12300001,pendding,601939.XSHG,2017-10-23 09:30:00,sell,long,7.12,0.00
12300001,pendding,600036.XSHG,2017-10-23 09:30:00,sell,long,26.50,0.00
12300001,pendding,600028.XSHG,2017-10-23 09:30:00,buy,long,5.85,0.10
12300001,pendding,000858.XSHE,2017-10-23 09:30:00,buy,long,62.60,0.10
12300001,pendding,601166.XSHG,2017-10-23 09:30:00,sell,long,17.65,0.00
12300001,pendding,600000.XSHG,2017-10-23 09:30:00,sell,long,12.84,0.00
12300001,pendding,000651.XSHE,2017-10-23 09:30:00,buy,long,40.63,0.10
12300001,pendding,600104.XSHG,2017-10-23 09:30:00,buy,long,32.39,0.10
12300001,pendding,601998.XSHG,2017-10-23 09:30:00,buy,long,6.35,0.10
12300001,pendding,000001.XSHE,2017-10-23 09:30:00,sell,long,11.19,0.00
12300001,pendding,600585.XSHG,2017-10-23 09:30:00,buy,long,26.29,0.10
12300001,pendding,600050.XSHG,2017-10-23 09:30:00,buy,long,7.12,0.10
