id,status,symbol,time,type,trend,price,balance_rate
12300001,pendding,601601.XSHG,2016-04-11 09:30:00,sell,long,26.00,0.00
12300001,pendding,600276.XSHG,2016-04-11 09:30:00,sell,long,47.02,0.00
12300001,pendding,600030.XSHG,2016-04-11 09:30:00,buy,long,17.39,0.10
12300001,pendding,000001.XSHE,2016-04-11 09:30:00,buy,long,10.72,0.10
12300001,pendding,600585.XSHG,2016-04-11 09:30:00,buy,long,17.05,0.10
12300001,pendding,601688.XSHG,2016-04-11 09:30:00,buy,long,17.08,0.10
12300001,pendding,600019.XSHG,2016-04-11 09:30:00,buy,long,5.86,0.10
12300001,pendding,601888.XSHG,2016-04-11 09:30:00,buy,long,46.19,0.10
