id,status,symbol,time,type,trend,price,balance_rate
12300001,pendding,601939.XSHG,2016-09-26 09:30:00,buy,long,5.16,0.10
12300001,pendding,601318.XSHG,2016-09-26 09:30:00,sell,long,34.38,0.00
12300001,pendding,600036.XSHG,2016-09-26 09:30:00,buy,long,18.00,0.10
12300001,pendding,000858.XSHE,2016-09-26 09:30:00,sell,long,32.28,0.00
12300001,pendding,601166.XSHG,2016-09-26 09:30:00,buy,long,15.91,0.10
12300001,pendding,601601.XSHG,2016-09-26 09:30:00,buy,long,29.02,0.10
12300001,pendding,002415.XSHE,2016-09-26 09:30:00,sell,long,24.00,0.00
12300001,pendding,600050.XSHG,2016-09-26 09:30:00,buy,long,4.11,0.10
12300001,pendding,601800.XSHG,2016-09-26 09:30:00,sell,long,11.04,0.00
12300001,pendding,001979.XSHE,2016-09-26 09:30:00,sell,long,15.58,0.00
12300001,pendding,601888.XSHG,2016-09-26 09:30:00,sell,long,46.01,0.00
