id,status,symbol,time,type,trend,price,balance_rate
12300001,pendding,601398.XSHG,2015-04-30 09:30:00,sell,long,5.41,0.00
12300001,pendding,601939.XSHG,2015-04-30 09:30:00,sell,long,6.85,0.00
12300001,pendding,601988.XSHG,2015-04-30 09:30:00,sell,long,4.84,0.00
12300001,pendding,601328.XSHG,2015-04-30 09:30:00,sell,long,6.92,0.00
12300001,pendding,601166.XSHG,2015-04-30 09:30:00,sell,long,19.41,0.00
12300001,pendding,600000.XSHG,2015-04-30 09:30:00,sell,long,18.07,0.00
12300001,pendding,000651.XSHE,2015-04-30 09:30:00,buy,long,57.00,0.10
12300001,pendding,000002.XSHE,2015-04-30 09:30:00,buy,long,14.60,0.10
12300001,pendding,601998.XSHG,2015-04-30 09:30:00,sell,long,7.92,0.00
12300001,pendding,600276.XSHG,2015-04-30 09:30:00,buy,long,57.01,0.10
12300001,pendding,002415.XSHE,2015-04-30 09:30:00,buy,long,32.75,0.10
12300001,pendding,601668.XSHG,2015-04-30 09:30:00,buy,long,10.90,0.10
12300001,pendding,000001.XSHE,2015-04-30 09:30:00,buy,long,16.70,0.10
12300001,pendding,601818.XSHG,2015-04-30 09:30:00,sell,long,5.55,0.00
12300001,pendding,601336.XSHG,2015-04-30 09:30:00,buy,long,53.83,0.10
