id,status,symbol,time,type,trend,price,balance_rate
12300001,pendding,600519.XSHG,2017-11-06 09:30:00,buy,long,653.06,0.10
12300001,pendding,600900.XSHG,2017-11-06 09:30:00,buy,long,16.30,0.10
12300001,pendding,601601.XSHG,2017-11-06 09:30:00,sell,long,42.32,0.00
12300001,pendding,603288.XSHG,2017-11-06 09:30:00,buy,long,53.64,0.10
12300001,pendding,601668.XSHG,2017-11-06 09:30:00,sell,long,9.67,0.00
12300001,pendding,300498.XSHE,2017-11-06 09:30:00,sell,long,25.43,0.00
12300001,pendding,600887.XSHG,2017-11-06 09:30:00,buy,long,30.68,0.10
12300001,pendding,601800.XSHG,2017-11-06 09:30:00,sell,long,15.05,0.00
12300001,pendding,002304.XSHE,2017-11-06 09:30:00,buy,long,117.00,0.10
12300001,pendding,600019.XSHG,2017-11-06 09:30:00,buy,long,8.11,0.10
12300001,pendding,601390.XSHG,2017-11-06 09:30:00,sell,long,9.07,0.00
