id,status,symbol,time,type,trend,price,balance_rate
12300001,pendding,601398.XSHG,2014-11-17 09:30:00,sell,long,3.75,0.00
12300001,pendding,601318.XSHG,2014-11-17 09:30:00,sell,long,43.44,0.00
12300001,pendding,601288.XSHG,2014-11-17 09:30:00,sell,long,2.61,0.00
12300001,pendding,600036.XSHG,2014-11-17 09:30:00,sell,long,10.80,0.00
12300001,pendding,601628.XSHG,2014-11-17 09:30:00,sell,long,16.52,0.00
12300001,pendding,600028.XSHG,2014-11-17 09:30:00,sell,long,5.20,0.00
12300001,pendding,601818.XSHG,2014-11-17 09:30:00,sell,long,2.98,0.00
