id,status,symbol,time,type,trend,price,balance_rate
12300001,pendding,601318.XSHG,2015-06-04 09:30:00,buy,long,88.01,0.10
12300001,pendding,600036.XSHG,2015-06-04 09:30:00,buy,long,20.44,0.10
12300001,pendding,601628.XSHG,2015-06-04 09:30:00,buy,long,36.94,0.10
12300001,pendding,600028.XSHG,2015-06-04 09:30:00,buy,long,7.62,0.10
12300001,pendding,000651.XSHE,2015-06-04 09:30:00,sell,long,62.53,0.00
12300001,pendding,601601.XSHG,2015-06-04 09:30:00,buy,long,34.05,0.10
12300001,pendding,000002.XSHE,2015-06-04 09:30:00,buy,long,14.99,0.10
