id,status,symbol,time,type,trend,price,balance_rate
12300001,pendding,601939.XSHG,2018-01-25 09:30:00,sell,long,9.54,0.00
12300001,pendding,601288.XSHG,2018-01-25 09:30:00,buy,long,4.54,0.10
12300001,pendding,600036.XSHG,2018-01-25 09:30:00,sell,long,33.41,0.00
12300001,pendding,600028.XSHG,2018-01-25 09:30:00,buy,long,7.25,0.10
12300001,pendding,601166.XSHG,2018-01-25 09:30:00,buy,long,18.58,0.10
12300001,pendding,600000.XSHG,2018-01-25 09:30:00,buy,long,13.65,0.10
12300001,pendding,000002.XSHE,2018-01-25 09:30:00,buy,long,40.20,0.10
12300001,pendding,600104.XSHG,2018-01-25 09:30:00,buy,long,34.88,0.10
12300001,pendding,601998.XSHG,2018-01-25 09:30:00,buy,long,7.26,0.10
