id,status,symbol,time,type,trend,price,balance_rate
12300001,pendding,601318.XSHG,2017-03-22 09:30:00,buy,long,36.00,0.10
12300001,pendding,601857.XSHG,2017-03-22 09:30:00,buy,long,7.98,0.10
12300001,pendding,601288.XSHG,2017-03-22 09:30:00,sell,long,3.24,0.00
12300001,pendding,601988.XSHG,2017-03-22 09:30:00,sell,long,3.60,0.00
12300001,pendding,601628.XSHG,2017-03-22 09:30:00,sell,long,24.43,0.00
12300001,pendding,000858.XSHE,2017-03-22 09:30:00,buy,long,43.96,0.10
12300001,pendding,601088.XSHG,2017-03-22 09:30:00,buy,long,19.49,0.10
12300001,pendding,000333.XSHE,2017-03-22 09:30:00,buy,long,34.36,0.10
12300001,pendding,000651.XSHE,2017-03-22 09:30:00,buy,long,30.50,0.10
12300001,pendding,600050.XSHG,2017-03-22 09:30:00,buy,long,7.66,0.10
