id,status,symbol,time,type,trend,price,balance_rate
12300001,pendding,601398.XSHG,2015-12-22 09:30:00,buy,long,4.67,0.10
12300001,pendding,601939.XSHG,2015-12-22 09:30:00,buy,long,5.88,0.10
12300001,pendding,601318.XSHG,2015-12-22 09:30:00,buy,long,36.93,0.10
12300001,pendding,601857.XSHG,2015-12-22 09:30:00,buy,long,8.52,0.10
12300001,pendding,601288.XSHG,2015-12-22 09:30:00,buy,long,3.31,0.10
12300001,pendding,600519.XSHG,2015-12-22 09:30:00,buy,long,225.03,0.10
12300001,pendding,601988.XSHG,2015-12-22 09:30:00,buy,long,4.09,0.10
12300001,pendding,600036.XSHG,2015-12-22 09:30:00,buy,long,18.27,0.10
12300001,pendding,601628.XSHG,2015-12-22 09:30:00,buy,long,29.68,0.10
12300001,pendding,600028.XSHG,2015-12-22 09:30:00,buy,long,5.05,0.10
12300001,pendding,601328.XSHG,2015-12-22 09:30:00,buy,long,6.63,0.10
12300001,pendding,601818.XSHG,2015-12-22 09:30:00,buy,long,4.35,0.10
