id,status,symbol,time,type,trend,price,balance_rate
12300001,pendding,601398.XSHG,2017-08-18 09:30:00,buy,long,5.62,0.10
12300001,pendding,600519.XSHG,2017-08-18 09:30:00,sell,long,489.65,0.00
12300001,pendding,600036.XSHG,2017-08-18 09:30:00,buy,long,25.42,0.10
12300001,pendding,601628.XSHG,2017-08-18 09:30:00,buy,long,28.29,0.10
12300001,pendding,600900.XSHG,2017-08-18 09:30:00,buy,long,15.42,0.10
12300001,pendding,601688.XSHG,2017-08-18 09:30:00,sell,long,19.36,0.00
12300001,pendding,600019.XSHG,2017-08-18 09:30:00,buy,long,7.82,0.10
12300001,pendding,601888.XSHG,2017-08-18 09:30:00,buy,long,29.40,0.10
12300001,pendding,601390.XSHG,2017-08-18 09:30:00,buy,long,8.55,0.10
