id,status,symbol,time,type,trend,price,balance_rate
12300001,pendding,601398.XSHG,2016-02-25 09:30:00,sell,long,4.01,0.00
12300001,pendding,601939.XSHG,2016-02-25 09:30:00,sell,long,4.57,0.00
12300001,pendding,601318.XSHG,2016-02-25 09:30:00,sell,long,28.96,0.00
12300001,pendding,601857.XSHG,2016-02-25 09:30:00,sell,long,7.08,0.00
12300001,pendding,601288.XSHG,2016-02-25 09:30:00,sell,long,2.92,0.00
12300001,pendding,600519.XSHG,2016-02-25 09:30:00,sell,long,212.41,0.00
12300001,pendding,601988.XSHG,2016-02-25 09:30:00,sell,long,3.12,0.00
12300001,pendding,601628.XSHG,2016-02-25 09:30:00,sell,long,20.26,0.00
12300001,pendding,600028.XSHG,2016-02-25 09:30:00,sell,long,4.28,0.00
12300001,pendding,601328.XSHG,2016-02-25 09:30:00,sell,long,5.08,0.00
12300001,pendding,601088.XSHG,2016-02-25 09:30:00,sell,long,13.00,0.00
12300001,pendding,601668.XSHG,2016-02-25 09:30:00,sell,long,5.13,0.00
