id,status,symbol,time,type,trend,price,balance_rate
12300001,pendding,601398.XSHG,2017-08-09 09:30:00,sell,long,5.54,0.00
12300001,pendding,601939.XSHG,2017-08-09 09:30:00,sell,long,6.70,0.00
12300001,pendding,601857.XSHG,2017-08-09 09:30:00,buy,long,8.12,0.10
12300001,pendding,600519.XSHG,2017-08-09 09:30:00,buy,long,490.85,0.10
12300001,pendding,601988.XSHG,2017-08-09 09:30:00,sell,long,3.98,0.00
12300001,pendding,000333.XSHE,2017-08-09 09:30:00,buy,long,40.80,0.10
12300001,pendding,000651.XSHE,2017-08-09 09:30:00,buy,long,39.18,0.10
12300001,pendding,600276.XSHG,2017-08-09 09:30:00,buy,long,52.94,0.10
12300001,pendding,300498.XSHE,2017-08-09 09:30:00,sell,long,21.72,0.00
12300001,pendding,601336.XSHG,2017-08-09 09:30:00,buy,long,61.29,0.10
