number,exchange,id,value,syl
1,XSHG,601398,20100,6.14
2,XSHG,601939,17400,5.66
3,XSHG,601318,14600,8.01
4,XSHG,601857,13100,31.91
5,XSHG,601288,12900,5.26
6,XSHG,600519,11500,25.52
7,XSHG,601988,11300,5.55
8,XSHG,600036,8638,8.56
9,XSHG,601628,7617,7.31
10,XSHG,600028,6550,11.09
11,XSHG,601328,4433,5.26
12,XSHE,858,4058,15.67
13,XSHG,601319,4024,17.09
14,XSHG,600900,3788,32.48
15,XSHG,601088,3676,7.3
16,XSHG,601299,3675,91.2
17,XSHG,601166,3673,4.67
18,XSHE,333,3328,13.57
19,XSHG,600000,3264,4.96
20,XSHE,651,3255,14.34
21,XSHG,601601,3245,14.81
22,XSHE,2,3070,68.48
24,XSHG,600104,2838,8.6
23,XSHG,601998,2838,5.37
25,XSHG,600276,2738,57.4
26,XSHG,601138,2705,23.53
27,XSHG,600016,2684,4.25
28,XSHG,603288,2634,44.58
29,XSHG,600030,2490,14.62
30,XSHE,2415,2339,38.07
31,XSHG,601668,2338,6.6
32,XSHG,601766,2293,32.2
33,XSHE,1,2129,7.15
34,XSHG,600585,2109,8.67
35,XSHE,300498,2034,-110.45
36,XSHG,601818,2031,5.22
37,XSHG,600050,1853,28.51
38,XSHG,601066,1833,30.8
39,XSHG,600887,1824,20.04
40,XSHG,601800,1786,11.36
41,XSHE,300760,1769,43.97
42,XSHE,2304,1760,10.94
43,XSHG,600018,1757,22.85
44,XSHE,1979,1737,16.53
45,XSHG,601336,1710,12.69
46,XSHG,601688,1582,14.23
47,XSHE,300750,1549,36.98
48,XSHG,600019,1546,14.18
49,XSHG,601888,1498,16.24
50,XSHG,601390,1473,9.58
51,XSHG,601211,1465,12.19
52,XSHG,601360,1462,56.47
53,XSHG,600048,1455,15.68
54,XSHG,600837,1417,9.4
55,XSHE,2352,1356,26.83
56,XSHE,2594,1353,45.12
57,XSHG,600009,1327,23.84
58,XSHG,601186,1286,8.27
59,XSHG,601229,1244,6.19
60,XSHG,601006,1243,7.76
61,XSHG,600309,1238,11.07
62,XSHG,601169,1237,4.88
63,XSHG,601111,1235,11.34
64,XSHE,2714,1235,-57.06
65,XSHE,63,1223,35.43
66,XSHE,2142,1221,9.01
67,XSHE,725,1201,28.54
68,XSHG,601989,1192,56.32
69,XSHE,166,1187,15.93
70,XSHG,600015,1154,6.27
71,XSHG,601238,1125,10.12
72,XSHE,617,1101,13.08
73,XSHE,568,1081,17.84
74,XSHG,601881,1057,17.25
75,XSHG,600031,1054,8.18
77,XSHE,24,1043,35.26
76,XSHG,600999,1043,12.26
78,XSHE,2024,1032,189.96
79,XSHG,600690,1022,11.96
80,XSHE,776,1003,8.59
81,XSHG,600989,999,24.47
82,XSHG,600011,995,9.37
83,XSHE,2736,995,13.2
84,XSHG,601933,957,21.29
85,XSHE,338,935,9.02
86,XSHG,603259,933,60.34
87,XSHG,600406,896,292.49
88,XSHG,600340,887,7.48
89,XSHE,300015,885,74.11
90,XSHG,601225,884,7.97
91,XSHG,600029,884,8.35
92,XSHG,600115,880,10.96
93,XSHE,300059,876,56.8
94,XSHG,601985,875,15.76
95,XSHE,2475,874,35.47
96,XSHG,603993,864,67.11
97,XSHG,600346,851,42.09
98,XSHG,601012,850,34.76
99,XSHG,600919,840,5.57
100,XSHE,895,833,16.28
101,XSHG,600606,826,4.69
102,XSHE,538,822,24.28
103,XSHG,601155,814,98.39
104,XSHG,601727,801,26.25
105,XSHG,600010,798,40.93
106,XSHG,601633,796,25.73
107,XSHE,2027,794,58.32
108,XSHE,876,783,29.39
109,XSHG,601669,763,9.76
110,XSHG,601899,744,21.27
111,XSHG,600832,739,69.16
112,XSHE,2607,737,173.51
113,XSHG,600958,734,14.46
114,XSHE,2493,728,30.08
115,XSHG,600663,720,20.64
116,XSHG,601009,704,5.3
117,XSHG,601600,700,39.31
118,XSHG,600025,697,21.65
119,XSHG,600547,675,46.11
120,XSHE,2120,672,29.65
121,XSHG,600600,657,20.35
122,XSHE,300122,654,32.55
123,XSHG,600196,648,22.75
124,XSHG,600332,645,11.46
125,XSHG,600436,643,39.74
126,XSHG,600741,639,8.65
127,XSHG,601898,634,10.28
128,XSHG,600023,631,14.79
129,XSHG,601618,626,8.86
130,XSHE,2230,616,151.27
131,XSHG,601901,612,26.02
132,XSHG,601018,598,19.45
133,XSHG,601919,592,21.54
134,XSHG,600438,587,29.93
135,XSHG,600352,584,11.56
136,XSHG,600588,584,177.52
137,XSHG,601991,583,33.91
138,XSHE,2032,573,27.81
139,XSHE,938,571,37.86
140,XSHE,69,569,11.87
141,XSHG,600688,563,23.04
142,XSHE,2938,562,75.96
143,XSHG,600660,548,22.59
144,XSHE,596,543,17.34
145,XSHG,600377,534,12.91
147,XSHG,600893,533,3410.57
146,XSHE,723,533,35.64
148,XSHG,601607,532,11.82
149,XSHG,600188,530,5.73
150,XSHG,600061,529,10.87
151,XSHG,600383,523,8.72
152,XSHG,601788,519,9.84
153,XSHG,603160,518,31.28
154,XSHG,600362,517,17.41
155,XSHE,661,516,35.36
156,XSHG,600886,514,12.25
157,XSHG,600570,512,32.19
158,XSHG,601877,507,23.4
159,XSHG,601298,505,12.9
160,XSHE,1965,497,12.1
161,XSHG,600809,497,14.16
162,XSHG,600705,495,15.77
163,XSHG,600795,493,8.7
165,XSHE,2841,491,65.08
164,XSHG,601162,491,95.44
166,XSHG,600111,491,102.72
167,XSHE,2311,490,100.02
168,XSHE,300033,476,118.43
169,XSHE,2202,472,51.66
170,XSHG,600871,469,62.3
171,XSHG,603833,468,127.13
172,XSHE,2157,463,-27.91
173,XSHG,600703,451,18.17
174,XSHE,100,450,14.44
175,XSHE,963,446,12.28
176,XSHE,300413,445,26.62
177,XSHE,2600,444,18.42
179,XSHG,601828,441,8.38
178,XSHE,2958,441,14.5
180,XSHG,601808,440,355.72
181,XSHE,768,435,275.33
182,XSHG,600271,431,21.04
183,XSHE,2044,429,-90.53
184,XSHE,2001,428,20.94
185,XSHG,600485,427,-51.86
186,XSHE,300003,424,18.17
187,XSHG,600926,424,5.84
189,XSHG,600801,421,10.41
188,XSHE,2422,421,31.37
190,XSHG,601377,417,10.44
191,XSHE,2939,415,35.48
192,XSHE,2146,414,13.22
193,XSHE,157,412,10.28
194,XSHE,2602,407,51.87
195,XSHG,600760,406,51.19
196,XSHG,600085,406,29.06
197,XSHE,783,400,13.08
198,XSHG,601021,397,20.92
199,XSHG,600398,395,8.17
200,XSHE,2739,394,23.13
201,XSHE,2007,392,37.76
202,XSHG,600674,391,13.22
203,XSHG,600848,389,124.4
204,XSHG,601992,389,23.03
205,XSHG,600482,388,54.38
207,XSHE,703,380,22.42
206,XSHE,2468,380,23.43
208,XSHG,601108,380,24.28
211,XSHE,2236,379,29.99
209,XSHE,39,379,23.33
210,XSHE,300142,379,236.15
212,XSHG,600027,377,12.17
213,XSHG,600005,374,75.85
214,XSHG,603899,374,36.09
216,XSHE,2558,373,33.87
217,XSHE,300124,373,72.19
215,XSHG,600928,373,13.33
219,XSHE,898,369,22.12
218,XSHG,601598,369,15.87
220,XSHG,600233,367,25.11
221,XSHE,418,363,15.04
222,XSHE,2299,363,13.91
223,XSHG,600297,362,11.29
225,XSHG,600236,360,15.22
224,XSHE,2252,360,41.15
226,XSHE,300454,359,-255.87
227,XSHG,603019,358,176.4
228,XSHG,600390,358,8.69
229,XSHG,600637,351,15.6
231,XSHE,2008,350,54.51
230,XSHG,603156,350,10.28
232,XSHG,603589,349,16.02
233,XSHE,2673,347,14.92
234,XSHE,425,345,8.2
235,XSHE,2153,345,118.12
236,XSHE,625,344,-4.1
237,XSHE,2608,343,7.76
238,XSHG,601866,341,14.3
239,XSHE,46,340,4.08
240,XSHE,2179,339,36.35
241,XSHE,300408,339,36.97
242,XSHG,600221,339,7.44
243,XSHG,600177,336,11.13
244,XSHE,656,336,33.3
245,XSHE,300347,334,57.36
246,XSHE,300601,334,83.68
247,XSHE,786,333,25.37
248,XSHG,600170,332,6.3
249,XSHE,2601,332,13.31
250,XSHG,600176,331,16.57
251,XSHG,601198,331,14.91
252,XSHE,2624,330,16.97
253,XSHE,2773,329,38.96
254,XSHG,600516,327,11.46
256,XSHG,600004,327,36.56
255,XSHG,600875,327,23.13
257,XSHE,627,326,24.71
258,XSHE,2945,324,87.45
259,XSHG,600655,323,20.1
260,XSHG,601990,322,38.2
261,XSHE,2410,322,145.49
262,XSHG,601577,321,5.86
263,XSHE,977,320,86.6
264,XSHG,603369,319,12.42
266,XSHE,2371,318,399.27
265,XSHE,2460,318,31.46
267,XSHE,709,317,21.47
268,XSHE,961,314,16.27
269,XSHE,2466,314,70.6
271,XSHG,603260,314,19.48
270,XSHE,300144,314,21.22
272,XSHG,600498,313,46.97
273,XSHE,860,312,18.17
274,XSHG,600895,311,47.71
275,XSHE,728,311,18.43
276,XSHG,601838,311,6.13
277,XSHG,600776,308,542.58
279,XSHG,600733,307,227.63
280,XSHG,600536,307,-74.07
278,XSHE,2936,307,7.32
282,XSHE,2506,306,241.72
281,XSHG,600872,306,40.38
283,XSHG,601555,303,12.34
284,XSHG,600675,302,5.76
285,XSHG,601117,302,12.14
286,XSHG,600487,302,16.56
287,XSHG,601878,300,27.42
289,XSHE,2373,299,48.99
290,XSHG,603233,299,40.66
288,XSHG,600867,299,27.32
291,XSHE,66,298,143.65
292,XSHG,600100,298,13.81
294,XSHE,2271,298,58.49
293,XSHG,601997,298,5.71
295,XSHE,413,296,17.15
296,XSHG,600183,295,29.56
298,XSHG,600816,294,23.52
297,XSHE,300146,294,14.76
299,XSHE,2563,293,21.13
300,XSHE,1872,292,8.96
301,XSHE,2948,291,14.36
302,XSHG,601212,291,115.49
303,XSHE,2411,290,46.8
305,XSHG,600068,288,10.33
304,XSHE,2405,288,171.31
306,XSHG,600299,287,24.28
307,XSHG,600535,285,15.88
309,XSHE,2050,284,27.48
308,XSHG,600977,284,20.01
311,XSHE,300433,283,-72.89
312,XSHG,601216,283,9.78
310,XSHE,629,283,9.38
313,XSHE,50,282,24.32
314,XSHG,600109,282,17.6
315,XSHG,601869,281,27.71
316,XSHG,600066,280,22.56
317,XSHE,540,279,7.39
319,XSHE,2129,278,37
318,XSHG,601158,278,20.56
320,XSHG,600489,277,213.11
323,XSHG,600150,276,1855.14
322,XSHG,600118,276,106.14
321,XSHG,600522,276,13.4
324,XSHG,600208,275,8.51
325,XSHG,600604,275,575.36
326,XSHG,600219,275,27.08
327,XSHE,2049,274,102.04
329,XSHG,600566,273,13.4
328,XSHE,2127,273,55.92
330,XSHE,999,272,5.83
331,XSHE,2916,270,36.2
332,XSHG,601231,270,30.31
333,XSHG,601100,270,20.68
334,XSHE,2555,269,14.82
336,XSHE,553,269,18.36
335,XSHG,603658,269,55.55
339,XSHG,600845,268,33.34
338,XSHE,423,268,17.02
337,XSHE,2081,268,11.15
341,XSHG,601880,267,80.19
340,XSHG,600369,267,16.16
345,XSHE,2180,266,73.07
342,XSHG,600372,266,-177.59
343,XSHE,300017,266,60.18
344,XSHG,600089,266,14.84
349,XSHE,2812,263,31.03
348,XSHE,883,263,16.39
346,XSHG,600808,263,78.39
347,XSHE,300628,263,25.18
350,XSHE,2241,262,32.26
351,XSHE,2372,261,50.14
352,XSHG,600642,260,11.8
354,XSHE,987,258,23.99
353,XSHG,601860,258,22.1
356,XSHG,601228,257,24.26
355,XSHE,2013,257,109.98
358,XSHE,2926,256,13.51
359,XSHE,2399,256,12.64
357,XSHE,630,256,22.86
360,XSHG,603866,255,52.62
361,XSHE,300761,253,59.23
362,XSHG,600155,253,24.01
365,XSHG,600985,252,6.93
364,XSHG,600763,252,66.6
363,XSHE,300450,252,32.44
366,XSHE,671,250,20.29
368,XSHG,600584,249,-133.78
371,XSHE,31,249,5.2
367,XSHG,600026,249,14.53
369,XSHG,600153,249,14.14
370,XSHG,600256,249,13.92
372,XSHG,601233,248,11.9
375,XSHE,2385,248,-159.46
374,XSHG,600583,248,-23.76
373,XSHE,300529,248,47.84
376,XSHG,600704,247,6.8
377,XSHE,2508,247,19.35
380,XSHE,2010,247,38.5
378,XSHG,600998,247,18.86
379,XSHE,300186,247,154.08
381,XSHG,600648,246,10.5
384,XSHE,415,245,4.83
382,XSHE,300024,245,90.68
383,XSHE,300676,245,62.47
385,XSHG,600038,244,77.55
387,XSHE,990,244,69.12
386,XSHG,600673,244,13.46
388,XSHG,601872,243,21.61
389,XSHG,603515,242,70.31
390,XSHE,300014,241,30.12
391,XSHG,601099,241,16.96
392,XSHG,600497,241,16.6
395,XSHE,300383,240,30.76
394,XSHE,825,240,17.44
393,XSHG,603986,240,151.49
396,XSHE,27,239,16.24
397,XSHG,600754,239,20.19
398,XSHE,550,239,237.09
399,XSHG,600426,237,9.24
400,XSHG,600298,237,25.05
401,XSHE,300070,236,70.71
403,XSHG,600460,235,253.07
402,XSHG,600779,235,26.82
406,XSHE,2456,234,-22.81
404,XSHG,600528,234,15.75
405,XSHG,600157,234,180.51
409,XSHG,600376,233,16.14
410,XSHE,300773,233,36.4
407,XSHE,2223,233,23.64
408,XSHE,2294,233,18.14
411,XSHG,601699,231,6.63
412,XSHG,600518,231,26.12
414,XSHE,401,230,128.13
413,XSHE,300759,230,105.93
415,XSHE,2423,229,18.09
420,XSHE,2110,229,5.95
419,XSHG,600350,229,9.43
416,XSHG,600339,229,87.79
418,XSHE,2500,229,22.21
421,XSHE,2065,229,36.98
417,XSHG,601098,229,19.19
426,XSHE,2195,228,12.92
425,XSHE,2507,228,36.79
422,XSHG,603939,228,38.8
424,XSHE,513,228,14.54
427,XSHG,603858,228,20.07
423,XSHG,600338,228,43.05
428,XSHE,539,227,51.77
430,XSHG,600548,227,12.12
432,XSHG,600909,227,11.89
429,XSHG,600161,227,43.23
431,XSHG,603799,227,460.16
433,XSHE,402,225,9.21
436,XSHG,601333,225,14.43
435,XSHE,2465,225,181.25
434,XSHG,600959,225,68.26
437,XSHG,603885,224,13.98
438,XSHE,2797,223,19.56
440,XSHG,601118,222,326.96
439,XSHE,300136,222,23.03
441,XSHE,2439,220,-135.96
442,XSHG,600415,219,27.04
443,XSHG,603228,218,29.7
444,XSHE,2203,218,18.13
446,XSHG,600021,217,20.15
445,XSHE,300308,217,54.58
447,XSHE,2384,217,27.27
449,XSHG,601865,216,49.5
448,XSHG,603000,216,-231.55
450,XSHG,601106,215,226.06
451,XSHG,600612,214,14.34
453,XSHG,600167,213,6.81
452,XSHG,601958,213,68.53
454,XSHG,600745,212,123.15
455,XSHE,301,212,16.72
456,XSHE,2124,211,-15.72
457,XSHG,600392,211,152.25
459,XSHG,600578,210,12.08
460,XSHE,2670,210,11.89
458,XSHE,2268,210,-66.17
462,XSHG,601966,209,18.33
463,XSHE,750,209,20.85
461,XSHG,600549,209,-199.13
465,XSHE,792,207,-19.57
464,XSHE,967,207,21.83
466,XSHG,600132,206,60.23
468,XSHG,600820,205,12.28
467,XSHE,300253,205,89.18
471,XSHE,300748,204,193.47
469,XSHG,603501,204,99.74
470,XSHE,2075,204,50.79
472,XSHE,686,204,8.96
473,XSHG,601611,203,26.69
474,XSHG,600160,203,13.72
475,XSHG,601799,202,29.65
477,XSHE,300251,202,55.08
476,XSHE,2821,202,54.88
478,XSHG,601128,202,11.3
479,XSHE,2353,201,45.67
482,XSHG,603659,200,38.83
484,XSHG,600635,200,40.19
481,XSHE,581,200,7.24
483,XSHG,600699,200,17.98
480,XSHG,601375,200,27.42
485,XSHE,729,199,84.42
486,XSHG,601928,199,15.45
489,XSHE,932,198,4.54
487,XSHE,869,198,10.83
490,XSHE,2625,198,578.26
488,XSHE,2690,198,81.1
493,XSHE,300296,197,14.39
492,XSHG,600008,197,42.59
491,XSHE,983,197,8.27
494,XSHE,300699,196,30.87
496,XSHE,732,195,5.02
497,XSHG,601326,195,41.31
495,XSHG,600320,195,49.23
498,XSHG,603517,195,26.92
499,XSHE,300766,194,80.28
500,XSHG,600739,194,7.88
502,XSHE,2925,192,31.23
501,XSHG,601179,192,55.77
503,XSHE,975,192,28.15
504,XSHG,600685,191,-22.93
507,XSHG,600598,191,17.57
506,XSHE,300741,191,16.29
505,XSHE,623,191,7.42
509,XSHG,600315,190,20.38
508,XSHG,600270,190,15.81
511,XSHG,603816,190,16.05
510,XSHG,603707,190,31.89
512,XSHG,601068,189,90.13
513,XSHG,600572,189,26.87
515,XSHE,959,188,17.12
516,XSHE,998,188,35.03
514,XSHE,960,188,24.22
517,XSHE,2340,187,26.64
518,XSHG,600901,186,12.27
519,XSHG,600515,186,13.2
520,XSHE,813,186,38.59
521,XSHG,600373,185,9.32
522,XSHE,28,185,15.4
523,XSHG,600022,184,30.5
524,XSHE,300072,184,437.26
525,XSHG,600967,183,33.39
529,XSHG,600094,181,28.56
526,XSHG,603568,181,19.54
527,XSHE,300001,181,124.55
528,XSHG,603806,181,20.94
531,XSHE,2191,180,17.37
530,XSHE,429,180,12.74
532,XSHE,2281,180,70.56
538,XSHG,600707,179,-13.41
536,XSHE,563,179,18.48
535,XSHG,600748,179,27.96
537,XSHG,601003,179,11.66
533,XSHG,601608,179,325.54
534,XSHG,600737,179,22.27
539,XSHE,997,178,17.9
542,XSHE,830,177,12.22
541,XSHE,2572,177,41.29
540,XSHE,300207,177,33.18
544,XSHG,600466,176,8.89
543,XSHE,778,176,13.79
546,XSHE,2217,175,18.72
547,XSHG,600126,175,9.97
550,XSHE,761,175,16.12
548,XSHE,921,175,10.37
545,XSHE,89,175,25.28
549,XSHG,600511,175,15.23
554,XSHG,600823,174,16.64
551,XSHG,601005,174,28.9
552,XSHE,2092,174,23.14
553,XSHG,603338,174,43.14
555,XSHG,603486,174,62.1
556,XSHG,600521,174,32.06
557,XSHG,600879,172,49.99
558,XSHG,600827,172,13.07
560,XSHG,600649,171,13.86
559,XSHG,603379,171,19.74
570,XSHE,2414,170,712.37
569,XSHE,503,170,-85.21
568,XSHG,600885,170,27.05
562,XSHG,601975,170,23.61
564,XSHG,600317,170,14.51
567,XSHG,600835,170,18.12
566,XSHG,600201,170,26.73
561,XSHE,60,170,16.33
563,XSHE,878,170,24.39
565,XSHE,831,170,345.05
573,XSHG,600446,169,-62.16
574,XSHG,600728,169,21.52
572,XSHE,2212,169,-47.83
571,XSHG,603712,169,514.95
575,XSHG,603883,168,26.42
579,XSHG,600863,167,23.6
581,XSHG,600098,167,28.27
578,XSHE,300747,167,41.62
577,XSHE,559,167,18.8
580,XSHE,156,167,18.3
576,XSHE,2831,167,27.14
583,XSHG,600623,166,13.36
584,XSHG,603077,166,36.7
585,XSHE,2595,166,26.52
582,XSHE,2078,166,10.9
586,XSHE,748,165,135.1
587,XSHG,600667,165,43.01
589,XSHG,600325,165,7.4
590,XSHG,603868,165,25.26
588,XSHG,600258,165,55.79
593,XSHE,2387,164,-10.59
595,XSHG,600639,164,18.04
594,XSHG,601000,164,9.55
591,XSHE,2941,164,-110.67
592,XSHG,601811,164,18.94
600,XSHG,601718,163,253.67
598,XSHG,600782,163,5.44
597,XSHG,600486,163,12.45
601,XSHE,564,163,-37.11
599,XSHG,601019,163,18.78
596,XSHE,2727,163,23.24
602,XSHE,300558,163,78.98
603,XSHG,600273,162,11.9
607,XSHE,2152,161,20.11
606,XSHE,2463,161,24.85
604,XSHE,2242,161,24.63
605,XSHE,300180,161,50.77
608,XSHE,839,160,96.42
613,XSHG,600643,160,15.17
611,XSHE,738,160,59.57
609,XSHE,300616,160,-176.99
610,XSHE,547,160,38.85
612,XSHE,2424,160,25.51
616,XSHG,601139,159,16.69
618,XSHE,300285,159,33.14
614,XSHE,2085,159,19.6
619,XSHG,600166,159,49.49
620,XSHG,600718,159,1008.98
615,XSHE,2038,159,19.81
617,XSHG,600380,159,12.99
621,XSHE,300009,159,60.04
622,XSHE,2583,158,-39.48
623,XSHE,488,158,103.35
625,XSHG,600903,157,79.81
624,XSHE,2174,157,22.72
626,XSHE,2080,155,17.97
628,XSHE,2440,155,14.83
630,XSHE,300316,155,30.59
629,XSHE,300418,155,10.22
627,XSHG,600567,155,8.48
632,XSHG,600266,154,3.21
631,XSHE,2419,154,12.26
635,XSHE,2745,153,22.46
634,XSHE,2648,153,17.46
633,XSHE,300357,153,57.79
638,XSHE,62,151,31.9
639,XSHG,600755,151,4.77
641,XSHE,408,151,30.6
640,XSHE,300271,151,63.13
637,XSHE,2867,151,19.47
645,XSHE,988,150,37.47
644,XSHG,600282,150,4.48
642,XSHG,600500,150,15.53
643,XSHE,800,150,97.24
646,XSHE,300012,150,82.83
647,XSHG,600120,149,8.66
651,XSHE,2002,149,19.55
648,XSHG,603225,149,13.94
650,XSHE,300027,149,-39.58
649,XSHG,601615,149,95.28
656,XSHE,690,148,15.5
653,XSHE,300168,148,205.03
654,XSHG,603444,148,17.34
652,XSHG,600056,148,9.03
655,XSHE,2019,148,25.2
658,XSHE,2074,147,18.2
657,XSHG,603882,147,87.01
663,XSHE,300098,146,27.19
660,XSHE,2408,146,19.22
661,XSHG,600277,146,14.07
659,XSHE,930,146,62.83
662,XSHG,600037,146,14.63
664,XSHG,600873,145,10.6
665,XSHG,600783,145,65.57
666,XSHG,600582,144,50.53
667,XSHG,600839,144,75.01
668,XSHE,2310,144,-13.35
671,XSHE,826,143,19.54
673,XSHE,2128,143,4.46
672,XSHG,600682,143,10.95
675,XSHE,2221,143,10.22
670,XSHE,2302,143,-83.1
674,XSHE,2653,143,71.55
669,XSHG,601168,143,14.78
680,XSHG,600507,142,7.54
677,XSHE,2051,142,15.82
681,XSHG,603056,142,-72.51
676,XSHE,2461,142,120.19
679,XSHG,600777,142,-21.83
678,XSHE,2603,142,12.28
684,XSHE,582,141,16.05
683,XSHG,603650,141,34.38
682,XSHE,300274,141,20.63
685,XSHE,902,140,10.36
686,XSHG,603317,140,47.51
692,XSHG,600435,139,-984.22
687,XSHG,600348,139,6.59
689,XSHG,600740,139,7.34
688,XSHE,2368,139,178.8
690,XSHG,600079,139,20.16
691,XSHE,300595,139,68.77
694,XSHG,600064,138,4.07
693,XSHG,600545,138,25
695,XSHG,600007,137,13.99
697,XSHE,2470,137,12.45
698,XSHE,937,137,14.63
696,XSHG,603198,137,9.72
699,XSHG,600811,137,20.14
702,XSHE,2131,136,25.18
706,XSHG,600708,136,9.24
703,XSHE,2640,136,15.21
701,XSHE,300188,136,-237.25
707,XSHE,300166,136,78.38
708,XSHG,601519,136,-498.53
704,XSHG,603708,136,24.1
705,XSHG,600062,136,10.32
700,XSHE,2511,136,27.53
710,XSHE,300474,135,164.28
711,XSHG,600864,135,7.23
709,XSHG,600775,135,249.99
713,XSHE,2429,134,17.71
712,XSHE,951,134,10.75
714,XSHE,2233,134,7.87
715,XSHE,300768,134,71.58
716,XSHG,600198,134,-21.48
717,XSHE,2901,134,40.47
720,XSHG,600884,133,94.13
721,XSHE,537,133,5.81
718,XSHG,600020,133,7.19
719,XSHE,598,133,12.73
726,XSHE,12,132,25.02
723,XSHG,603508,132,4.72
725,XSHE,21,132,31.67
722,XSHG,600093,132,16.37
727,XSHG,600410,132,17.04
724,XSHE,681,132,57.21
728,XSHG,600862,131,28.75
729,XSHE,300674,131,3330.82
730,XSHG,600143,131,14.59
733,XSHE,2056,130,28.55
732,XSHG,603605,130,35.6
731,XSHE,2458,130,8.53
739,XSHE,2244,129,8.21
735,XSHG,600717,129,22.06
738,XSHE,2547,129,1328.54
736,XSHG,600621,129,48.28
737,XSHE,300170,129,48.82
734,XSHG,603711,129,61.9
744,XSHG,600307,128,103.33
741,XSHG,600039,128,9.2
742,XSHG,600388,128,30.51
740,XSHE,300212,128,41.53
743,XSHG,600260,128,8.85
745,XSHE,9,127,48.21
746,XSHG,600803,127,9.06
748,XSHE,2382,127,33.02
747,XSHE,300630,127,45.46
749,XSHE,2099,127,15.73
750,XSHE,688,127,27.47
756,XSHE,2151,126,-189.37
751,XSHE,970,126,71.48
752,XSHG,600787,126,110.02
753,XSHE,300463,126,26.52
755,XSHE,710,126,18.76
754,XSHG,600771,126,54.92
763,XSHE,2815,125,25.23
764,XSHG,601588,125,3.81
761,XSHG,601107,125,7.29
757,XSHE,685,125,9.9
762,XSHE,2920,125,71.75
760,XSHE,2396,125,-508.15
758,XSHG,600633,125,12.48
759,XSHE,807,125,61.72
769,XSHG,600483,124,14.66
767,XSHG,600409,124,16.12
766,XSHG,601127,124,-38.04
765,XSHE,2946,124,136.97
768,XSHG,600597,124,21.9
774,XSHG,601330,123,32.21
773,XSHE,2138,123,36.76
770,XSHE,560,123,15.02
772,XSHE,935,123,18.46
771,XSHE,300482,123,42.2
775,XSHE,300496,122,60.07
777,XSHE,2185,122,183.59
776,XSHG,601801,122,10.59
778,XSHE,887,121,9.76
779,XSHE,300618,121,-54.49
780,XSHG,600259,121,157.75
784,XSHE,2505,120,120.23
782,XSHG,600859,120,7.45
781,XSHG,600580,120,13.04
783,XSHE,300459,120,11.94
785,XSHE,300294,120,33.7
786,XSHG,600804,119,57.49
789,XSHG,600323,119,15.63
787,XSHE,2717,119,94.25
788,XSHE,300182,119,21.76
790,XSHE,2755,119,15.8
793,XSHG,600291,118,195.47
794,XSHG,600378,118,31.76
791,XSHG,600729,118,6.24
792,XSHG,601949,118,50.78
799,XSHG,600529,117,26.27
802,XSHE,600,117,9.36
796,XSHG,600602,117,66.31
804,XSHE,636,117,18.55
801,XSHG,600053,117,13.13
797,XSHG,600657,117,1123.38
798,XSHE,2567,117,543.62
795,XSHG,600970,117,12.46
800,XSHE,300633,117,243.04
803,XSHE,2430,117,16.85
808,XSHG,603043,116,63.81
805,XSHE,300376,116,32.77
806,XSHG,601016,116,25.45
807,XSHG,603222,116,257.16
811,XSHE,555,115,84.32
810,XSHE,300088,115,16.86
814,XSHG,600874,115,30.87
812,XSHE,735,115,-214.7
813,XSHG,603421,115,228.52
809,XSHE,300527,115,432.41
815,XSHG,600797,114,41.8
816,XSHE,300038,114,18.11
817,XSHE,650,114,19.95
818,XSHE,300244,114,39.33
824,XSHE,712,113,31.77
821,XSHE,683,113,11.38
822,XSHE,2557,113,24.83
825,XSHE,300133,113,78.34
826,XSHG,600640,113,99.18
819,XSHE,2118,113,-152.69
820,XSHG,600329,113,14.89
823,XSHE,739,113,25.61
827,XSHE,2262,113,22.53
829,XSHE,2156,112,-52.72
833,XSHE,918,112,-27.44
831,XSHE,717,112,6.88
837,XSHG,601969,112,84.27
838,XSHG,600295,112,13.17
828,XSHG,600575,112,26.27
834,XSHE,2042,112,16.33
836,XSHG,603609,112,19.84
835,XSHG,603103,112,17.57
832,XSHE,2287,112,32.95
830,XSHG,600711,112,133.66
842,XSHE,29,111,33.02
846,XSHE,2249,111,-131.35
840,XSHG,601689,111,24.53
843,XSHE,968,111,22.13
841,XSHE,877,111,16.89
845,XSHE,78,111,20.92
839,XSHE,758,111,39.13
844,XSHE,923,111,26.41
847,XSHG,600917,110,30.59
851,XSHG,600681,110,8.43
850,XSHG,600611,110,6.11
849,XSHG,600546,110,12.47
848,XSHG,601606,110,-69.08
855,XSHG,601515,109,12.38
852,XSHE,300226,109,84.39
853,XSHE,2389,109,445
854,XSHG,600060,109,101.73
856,XSHG,600393,108,33.75
861,XSHG,600981,108,13.33
862,XSHE,2035,108,20.3
863,XSHG,600305,108,37.55
857,XSHG,603888,108,72.84
859,XSHE,2589,108,14.23
858,XSHG,600908,108,8.92
860,XSHE,300567,108,33.38
865,XSHG,600206,107,181.5
867,XSHE,300068,107,13.03
868,XSHE,300184,107,34.99
869,XSHG,600559,107,22.69
866,XSHG,601952,107,21.48
870,XSHE,300222,107,93.16
871,XSHE,917,107,312.2
864,XSHE,2678,107,47.95
872,XSHG,600764,106,238.77
876,XSHE,795,106,84.75
880,XSHG,600171,106,27
878,XSHE,718,106,14.45
877,XSHE,88,106,57.69
885,XSHG,600316,106,-58.48
873,XSHE,519,106,36.47
879,XSHE,2665,106,101.87
881,XSHG,601369,106,21.13
883,XSHG,603128,106,39.16
889,XSHG,603363,106,152.47
886,XSHG,600226,106,31.83
884,XSHE,59,106,7.69
874,XSHG,600517,106,886.26
882,XSHG,601311,106,16.59
888,XSHE,300134,106,119.01
875,XSHG,603567,106,15.75
887,XSHG,600664,106,-18.3
896,XSHE,2025,105,33.9
897,XSHG,600269,105,3.55
895,XSHG,600491,105,10.03
890,XSHE,35,105,32.95
893,XSHE,16,105,30.74
892,XSHE,8,105,223.83
891,XSHG,600881,105,-107.39
894,XSHG,601163,105,17.24
903,XSHE,2565,104,65.53
901,XSHG,600012,104,9
899,XSHE,2183,104,61.38
905,XSHE,2444,104,17.08
902,XSHE,300113,104,22.12
909,XSHG,603345,104,39.94
904,XSHG,600312,104,104.74
900,XSHE,300770,104,35.26
907,XSHE,516,104,91.24
906,XSHE,2412,104,64.87
908,XSHE,300267,104,30.31
898,XSHE,2839,104,9.97
915,XSHE,2701,103,10.88
910,XSHG,600869,103,32.28
914,XSHE,810,103,21.93
912,XSHE,300058,103,11.64
913,XSHE,2905,103,79.53
911,XSHG,600216,103,19.4
928,XSHE,2450,102,-8.36
918,XSHG,600058,102,100.95
927,XSHG,601678,102,18.32
923,XSHE,2681,102,52.51
920,XSHE,2426,102,-14.87
924,XSHG,600006,102,21.89
917,XSHE,300324,102,29.42
926,XSHE,300451,102,40.86
925,XSHE,300118,102,8.38
919,XSHE,2491,102,109.09
916,XSHG,600252,102,14.7
922,XSHE,300026,102,14.6
921,XSHE,2807,102,13.16
940,XSHE,300073,101,39.42
930,XSHE,591,101,20.17
929,XSHG,603328,101,22.17
934,XSHE,2597,101,13.92
938,XSHE,40,101,135.75
937,XSHG,600562,101,146.26
939,XSHG,603377,101,86.89
932,XSHG,600997,101,6.88
936,XSHE,2004,101,25.19
935,XSHG,600418,101,39.03
933,XSHE,300203,101,55.44
931,XSHG,600490,101,58.68
943,XSHE,727,100,-8.63
944,XSHG,600335,100,12.9
947,XSHE,2234,100,6.45
946,XSHE,2358,100,42.84
942,XSHE,672,100,6.99
945,XSHG,603220,100,513.66
941,XSHG,603323,100,11.49
952,XSHG,601636,99,11.8
950,XSHG,600072,99,28.9
953,XSHG,600057,99,9.41
954,XSHG,601011,99,31.86
949,XSHE,300085,99,-95.11
951,XSHE,300339,99,47.68
955,XSHE,300369,99,-101.14
948,XSHE,2117,99,34.95
965,XSHE,2537,98,19.02
964,XSHE,300115,98,56.48
959,XSHE,517,98,4.18
962,XSHE,2023,98,62.08
957,XSHG,601717,98,6.5
961,XSHE,528,98,8.04
956,XSHG,600403,98,15.97
966,XSHG,603730,98,15.14
963,XSHG,603039,98,126.46
960,XSHG,600175,98,-32.16
958,XSHE,2950,98,44.32
968,XSHG,600850,97,30.8
977,XSHE,300315,97,12.96
974,XSHE,2273,97,41.62
971,XSHE,2503,97,22.73
978,XSHE,2672,97,22.39
967,XSHG,601666,97,7.52
970,XSHG,603305,97,64.12
972,XSHE,2498,97,41.55
975,XSHG,600996,97,43.49
969,XSHG,600420,97,13.12
979,XSHE,300199,97,46.38
980,XSHG,600267,97,76.07
973,XSHG,603337,97,20.6
976,XSHG,603025,97,36.33
983,XSHG,600478,96,-52.96
982,XSHE,2436,96,64.99
981,XSHE,2285,96,-97.8
985,XSHG,600565,96,17.03
989,XSHG,600736,96,17.11
986,XSHE,158,96,-163.95
984,XSHE,916,96,25.69
992,XSHG,600618,96,10.57
990,XSHE,2614,96,64.76
993,XSHG,600337,96,35.69
988,XSHE,2100,96,82.81
994,XSHE,2818,96,12.89
987,XSHE,2437,96,28.03
995,XSHE,2675,96,36.99
991,XSHE,300495,96,214.89
996,XSHE,300456,95,193.7
1001,XSHE,2250,95,15.62
999,XSHG,603318,95,-92.85
1004,XSHG,603218,95,28.46
998,XSHG,600395,95,8.05
1000,XSHG,600751,95,45.2
997,XSHE,70,95,65.15
1002,XSHG,600366,95,22.21
1003,XSHE,2698,95,26.87
1009,XSHG,600563,94,23.86
1007,XSHG,600185,94,10.3
1013,XSHG,600400,94,46.22
1005,XSHG,600017,94,10.11
1015,XSHE,828,94,8.54
1011,XSHE,2542,94,57.21
1018,XSHE,90,94,36.89
1006,XSHE,2155,94,50.28
1017,XSHE,2531,94,27.03
1019,XSHE,300145,94,25.71
1020,XSHG,603699,94,27.02
1008,XSHG,603680,94,27.65
1012,XSHE,61,94,46.24
1014,XSHG,600677,94,19.01
1010,XSHE,950,94,17.91
1016,XSHG,600456,94,80
1023,XSHG,603678,93,32.31
1022,XSHG,603587,93,11.93
1027,XSHE,2237,93,21.26
1031,XSHG,601200,93,16.62
1021,XSHE,2266,93,53.81
1025,XSHE,2912,93,-374.31
1029,XSHE,2596,93,73.37
1024,XSHE,2383,93,-82.6
1028,XSHG,600158,93,-2311.8
1032,XSHE,2955,93,129.26
1026,XSHE,426,93,-82.28
1030,XSHG,603733,93,64.8
1033,XSHE,2951,92,57.07
1044,XSHE,676,92,13.38
1040,XSHE,2091,92,10.53
1045,XSHE,2643,92,22.62
1036,XSHE,300257,92,75.04
1039,XSHG,600125,92,18.58
1035,XSHG,600138,92,36
1037,XSHE,980,92,21.73
1041,XSHG,603383,92,434.38
1038,XSHE,400,92,91.41
1043,XSHE,2123,92,39.53
1042,XSHE,300725,92,68.51
1034,XSHG,600770,92,100.75
1057,XSHE,2851,91,38.95
1050,XSHE,2635,91,11.77
1053,XSHE,666,91,12.47
1058,XSHE,2320,91,20.32
1049,XSHG,600033,91,11.44
1052,XSHE,2061,91,44.45
1046,XSHG,600096,91,20.26
1055,XSHG,600702,91,22.53
1047,XSHG,603718,91,351.05
1054,XSHE,2434,91,19.63
1051,XSHE,2280,91,73.38
1056,XSHE,300292,91,28.45
1048,XSHG,600624,91,156.17
1059,XSHE,300666,90,210.33
1071,XSHG,600641,90,10.77
1065,XSHG,600231,90,32.81
1067,XSHG,600939,90,63.09
1074,XSHG,600217,90,25.83
1072,XSHE,2366,90,21.85
1062,XSHE,25,90,125.12
1064,XSHE,30,90,11.07
1068,XSHE,2488,90,78.38
1060,XSHE,300634,90,81.17
1066,XSHE,300663,90,-132.67
1069,XSHE,2292,90,38.08
1061,XSHE,2390,90,36.48
1070,XSHE,2737,90,13.79
1075,XSHE,566,90,30.58
1073,XSHG,601567,90,9.94
1063,XSHE,300724,90,24.22
1079,XSHE,2341,89,227.45
1080,XSHG,601069,89,-122.02
1078,XSHE,2176,89,78.79
1082,XSHG,600965,89,57.02
1076,XSHG,600851,89,98.27
1077,XSHE,2370,89,39.32
1081,XSHE,2030,89,78.36
1089,XSHE,300367,88,25.46
1088,XSHG,601619,88,48.22
1084,XSHE,300476,88,22.73
1085,XSHE,726,88,11.28
1083,XSHE,969,88,40.44
1091,XSHE,2610,88,184.08
1090,XSHG,600756,88,663.73
1087,XSHE,300079,88,40.97
1086,XSHG,603368,88,13.67
1097,XSHE,2303,87,25.77
1099,XSHE,733,87,20.35
1092,XSHE,2832,87,16.82
1100,XSHE,300284,87,24.53
1098,XSHG,603766,87,10.73
1095,XSHE,2677,87,28.87
1096,XSHE,2705,87,24.45
1094,XSHE,2267,87,7.23
1093,XSHG,600073,87,11.9
1105,XSHE,300123,86,53.43
1102,XSHE,2618,86,889.05
1104,XSHE,300726,86,38.93
1106,XSHE,2314,86,-16.43
1101,XSHE,300377,86,82.09
1103,XSHE,300365,86,235.58
1108,XSHG,600828,86,6.34
1107,XSHE,2545,86,94.87
1120,XSHE,300037,85,34.03
1121,XSHE,543,85,14.34
1113,XSHG,603877,85,24.6
1118,XSHE,2911,85,36.28
1112,XSHE,2064,85,19.19
1123,XSHG,603298,85,14.6
1116,XSHE,2746,85,13.53
1110,XSHG,600429,85,40.43
1114,XSHE,848,85,9.55
1109,XSHE,2446,85,31.7
1119,XSHE,300762,85,-439.13
1115,XSHG,601858,85,171.22
1111,XSHE,2020,85,16.25
1117,XSHG,600557,85,18.97
1122,XSHG,601886,85,18.39
1134,XSHE,2093,84,58.42
1127,XSHE,300232,84,25.51
1129,XSHE,300457,84,29.66
1133,XSHE,936,84,5.93
1128,XSHE,2573,84,21.35
1132,XSHG,603355,84,24.36
1126,XSHE,976,84,95.79
1125,XSHG,601900,84,7.67
1130,XSHG,600781,84,9.75
1124,XSHE,300572,84,68.12
1131,XSHE,815,84,-447.55
1135,XSHG,603956,84,-85.31
1136,XSHE,767,83,213.64
1147,XSHE,2467,83,55.98
1143,XSHE,2376,83,29.55
1148,XSHE,2449,83,19.53
1140,XSHE,36,83,7.65
1146,XSHG,601566,83,7.65
1150,XSHG,600502,83,18.74
1141,XSHE,300054,83,38.95
1145,XSHE,2709,83,72.32
1149,XSHE,2407,83,49.25
1139,XSHG,600123,83,9.9
1142,XSHE,2798,83,31.63
1144,XSHE,19,83,17.1
1137,XSHE,34,83,15.31
1151,XSHG,600757,83,8.66
1138,XSHE,933,83,38.03
1152,XSHE,300777,82,84.48
1158,XSHG,600246,82,-108.52
1156,XSHG,600579,82,-33.14
1154,XSHG,600180,82,8.67
1157,XSHE,2726,82,25.6
1159,XSHE,300002,82,-19.39
1153,XSHG,601058,82,11.18
1160,XSHE,300776,82,27.36
1161,XSHE,2482,82,39.01
1155,XSHE,881,82,116.67
1166,XSHE,300053,81,87.69
1172,XSHG,600116,81,73.66
1173,XSHG,600601,81,-12.84
1174,XSHG,600330,81,24.45
1164,XSHE,2293,81,14.06
1175,XSHG,600619,81,19.63
1163,XSHG,601918,81,4.99
1162,XSHG,601258,81,-4.16
1165,XSHE,501,81,6.89
1167,XSHE,2697,81,25.64
1168,XSHE,2568,81,47.73
1171,XSHE,300238,81,205.62
1170,XSHE,2275,81,23.05
1169,XSHG,601222,81,13.07
1179,XSHE,300130,80,33.11
1187,XSHG,600734,80,-56.45
1189,XSHE,300661,80,125.35
1190,XSHG,600151,80,-19.27
1188,XSHG,600622,80,12.15
1185,XSHG,600758,80,21.04
1182,XSHG,600596,80,16.69
1178,XSHG,603013,80,31.74
1177,XSHE,300297,80,30.01
1176,XSHG,600694,80,5.19
1180,XSHE,789,80,9.18
1186,XSHG,603096,80,35.63
1183,XSHG,600645,80,64.58
1184,XSHE,989,80,24.75
1181,XSHE,300197,80,-21.4
1191,XSHG,600131,79,51.9
1202,XSHG,600162,79,134.02
1192,XSHG,600428,79,64.09
1196,XSHE,2274,79,31.65
1201,XSHG,600141,79,41.7
1198,XSHG,603113,79,13.54
1204,XSHG,601001,79,8.31
1193,XSHE,58,79,32.95
1200,XSHE,2626,79,14.99
1194,XSHG,601700,79,53.52
1195,XSHG,601558,79,-242.72
1197,XSHE,2028,79,97.53
1203,XSHE,300194,79,26.49
1199,XSHE,2611,79,75.02
1214,XSHE,300078,78,67.54
1206,XSHE,2733,78,81.98
1211,XSHE,300373,78,55.51
1212,XSHE,2402,78,32.35
1216,XSHE,2119,78,74.38
1218,XSHE,300735,78,23.62
1209,XSHE,620,78,248.55
1222,XSHE,863,78,5.08
1208,XSHE,818,78,17.72
1221,XSHE,2409,78,46.93
1207,XSHG,601113,78,20.71
1205,XSHE,799,78,26.95
1210,XSHE,300523,78,928.11
1217,XSHG,601116,78,36.02
1215,XSHE,2216,78,48.41
1220,XSHE,300685,78,59.55
1223,XSHE,300349,78,17.99
1219,XSHE,2171,78,26.96
1213,XSHG,603638,78,21.85
1236,XSHE,2859,77,108.39
1227,XSHE,901,77,-227.9
1230,XSHG,600499,77,16.39
1233,XSHE,2621,77,113.73
1238,XSHE,2747,77,101.14
1229,XSHE,2668,77,21.11
1234,XSHG,600197,77,12.86
1228,XSHE,2041,77,409.04
1226,XSHE,525,77,16.08
1231,XSHE,2530,77,58.14
1225,XSHG,603027,77,38.23
1224,XSHE,2194,77,66.63
1237,XSHE,300353,77,9.38
1235,XSHG,601929,77,54.09
1232,XSHE,2047,77,22.63
1246,XSHE,300224,76,275.09
1250,XSHG,603693,76,33.49
1249,XSHE,2647,76,225.54
1240,XSHG,600990,76,-33.02
1242,XSHE,536,76,-5.14
1253,XSHE,6,76,17.08
1243,XSHE,2543,76,10.73
1252,XSHG,600179,76,77.59
1248,XSHE,2617,76,70.58
1257,XSHG,600059,76,26.85
1244,XSHE,48,76,17.19
1245,XSHG,600975,76,-64.61
1255,XSHE,2421,76,96.33
1251,XSHE,300401,76,14.66
1254,XSHE,300149,76,74.1
1239,XSHE,403,76,78.43
1241,XSHG,600993,76,14.36
1256,XSHE,2121,76,-738.24
1247,XSHE,2375,76,22.79
1275,XSHG,603267,75,22.02
1276,XSHG,600459,75,57.62
1260,XSHE,300159,75,-37.45
1268,XSHE,697,75,-60.66
1272,XSHE,300775,75,34.1
1271,XSHE,912,75,59.79
1263,XSHE,2683,75,64.26
1264,XSHG,601101,75,8.6
1270,XSHE,2489,75,7.18
1273,XSHG,600195,75,21.11
1269,XSHE,981,75,62.74
1259,XSHE,2063,75,274.56
1267,XSHE,300352,75,502.84
1261,XSHG,600929,75,45.22
1262,XSHE,300765,75,33.32
1266,XSHE,2481,75,50.51
1265,XSHG,600715,75,570.43
1274,XSHG,603127,75,154.85
1258,XSHG,600422,75,18.3
1280,XSHG,603826,74,53.17
1277,XSHE,300323,74,-12.8
1291,XSHE,541,74,21.27
1281,XSHE,631,74,8.66
1292,XSHG,600988,74,30.91
1284,XSHG,603980,74,12.87
1290,XSHG,603737,74,-960.92
1283,XSHE,1696,74,25.36
1288,XSHE,927,74,-9.28
1278,XSHE,300348,74,278.66
1279,XSHE,300682,74,-65.16
1282,XSHG,600550,74,-46.35
1287,XSHE,719,74,20.63
1285,XSHE,300723,74,37.65
1289,XSHE,766,74,36.29
1286,XSHG,600761,74,13.07
1296,XSHG,600458,73,56.83
1297,XSHE,300183,73,64.56
1300,XSHG,603989,73,31.08
1309,XSHG,603068,73,110.86
1301,XSHE,43,73,33.08
1306,XSHE,2016,73,8.65
1304,XSHG,600987,73,14.51
1305,XSHG,600569,73,31.83
1308,XSHE,928,73,11.26
1302,XSHG,603026,73,13.5
1299,XSHG,603848,73,35.95
1295,XSHE,300755,73,20.65
1294,XSHE,2215,73,13.35
1307,XSHE,2258,73,25.15
1303,XSHE,882,73,132.82
1298,XSHE,2301,73,46.67
1293,XSHG,603660,73,36.59
1312,XSHE,300458,72,74.69
1326,XSHG,603327,72,26.42
1317,XSHE,900,72,6.29
1310,XSHG,600765,72,61.33
1325,XSHE,2768,72,22.49
1311,XSHE,300266,72,-42.23
1318,XSHG,600508,72,7.42
1319,XSHG,601965,72,19.05
1321,XSHG,603596,72,15.44
1316,XSHE,300036,72,235.7
1314,XSHG,600477,72,19.34
1320,XSHE,2544,72,70.46
1313,XSHE,802,72,-66.76
1315,XSHG,600936,72,158.5
1322,XSHG,600812,72,58.25
1323,XSHG,600963,72,-55.22
1324,XSHG,600710,72,21.39
1339,XSHE,300325,71,-52.48
1329,XSHE,2517,71,20.15
1332,XSHG,603118,71,20.83
1328,XSHG,600284,71,24.3
1327,XSHE,2326,71,15.92
1334,XSHE,2226,71,25.06
1333,XSHE,592,71,-499.46
1336,XSHE,300176,71,180.58
1330,XSHG,600831,71,40.69
1338,XSHE,793,71,57.61
1335,XSHE,2907,71,56.78
1337,XSHE,300233,71,18.02
1331,XSHG,603399,71,-68.58
1346,XSHE,300236,70,277.96
1350,XSHE,958,70,17.53
1361,XSHE,667,70,-13.91
1354,XSHG,601339,70,14.23
1347,XSHE,65,70,46.16
1352,XSHG,600278,70,17.47
1357,XSHE,2145,70,16.14
1365,XSHE,300398,70,23.61
1341,XSHG,601908,70,-114.9
1351,XSHG,600971,70,7.39
1355,XSHG,600897,70,14.71
1348,XSHE,2048,70,14.69
1356,XSHE,300287,70,111.62
1359,XSHE,300010,70,61
1358,XSHG,601010,70,18.7
1362,XSHE,2251,70,9.38
1340,XSHG,600759,70,259.27
1343,XSHE,300423,70,21.33
1349,XSHG,603556,70,22.79
1344,XSHE,546,70,212.14
1342,XSHE,889,70,33.5
1353,XSHG,603367,70,13.68
1363,XSHE,300204,70,62.17
1364,XSHG,600750,70,13.67
1345,XSHG,603876,70,29.42
1360,XSHE,2204,70,373.94
1370,XSHG,600525,69,26.33
1372,XSHE,2413,69,112.41
1366,XSHE,300679,69,40.46
1381,XSHE,300602,69,42.37
1375,XSHG,600067,69,19.43
1368,XSHE,2097,69,10.96
1380,XSHG,600169,69,136.23
1378,XSHG,601015,69,63.3
1379,XSHE,2928,69,20.05
1376,XSHG,601777,69,-17.67
1374,XSHE,300300,69,11.43
1367,XSHE,300298,69,35.32
1371,XSHG,600090,69,12.47
1369,XSHE,2317,69,13.72
1377,XSHE,597,69,29.88
1373,XSHG,600331,69,28.63
1384,XSHE,682,68,43.77
1387,XSHE,42,68,7.34
1388,XSHE,2269,68,44.39
1395,XSHE,2776,68,32.01
1390,XSHG,600190,68,37.81
1397,XSHG,600510,68,31.1
1383,XSHG,603698,68,59.24
1391,XSHG,600841,68,65.04
1396,XSHE,300276,68,27.28
1394,XSHG,600108,68,58.25
1392,XSHE,300427,68,27.75
1393,XSHE,300177,68,75.57
1382,XSHE,300326,68,23.5
1386,XSHG,603387,68,20.06
1389,XSHE,300406,68,28.28
1385,XSHE,612,68,-24.51
1400,XSHE,720,67,4.5
1404,XSHG,600868,67,1022.8
1414,XSHG,603869,67,59.5
1416,XSHE,300309,67,22.43
1405,XSHE,926,67,7.71
1403,XSHE,300355,67,81.1
1408,XSHE,300091,67,30.1
1412,XSHG,600416,67,-12.68
1410,XSHG,603569,67,30.56
1417,XSHG,600054,67,70.79
1399,XSHG,603599,67,12.46
1401,XSHG,603881,67,46.77
1411,XSHE,2261,67,141.77
1409,XSHE,2309,67,-19.64
1413,XSHE,2168,67,62.83
1407,XSHG,600720,67,130.36
1398,XSHE,300104,67,-9.5
1402,XSHG,600587,67,2.99
1418,XSHG,603456,67,38.27
1406,XSHE,603,67,17.25
1415,XSHE,300751,67,26.22
1429,XSHE,300577,66,36.02
1428,XSHG,600691,66,240.95
1425,XSHE,2639,66,718.12
1422,XSHG,600933,66,17.87
1427,XSHE,2416,66,17.44
1423,XSHE,2695,66,25.83
1420,XSHE,2792,66,-91.3
1430,XSHE,2619,66,15.71
1419,XSHE,2102,66,10.53
1424,XSHE,931,66,118.2
1426,XSHE,300428,66,16.4
1421,XSHG,600894,66,12.9
1432,XSHG,600876,65,821.13
1439,XSHE,875,65,10.12
1450,XSHE,2161,65,31.22
1453,XSHE,300493,65,220.58
1433,XSHG,600360,65,103.72
1454,XSHE,2913,65,33.68
1444,XSHE,2327,65,20.01
1440,XSHG,600035,65,8.66
1431,XSHG,600626,65,3.5
1446,XSHE,300132,65,19.88
1451,XSHE,2254,65,39.35
1449,XSHG,603588,65,29.53
1452,XSHE,801,65,225.93
1434,XSHE,2190,65,-56.28
1447,XSHE,639,65,17.63
1435,XSHE,300101,65,482.3
1438,XSHE,300504,65,32.41
1441,XSHG,600105,65,86.61
1442,XSHE,2115,65,67.58
1436,XSHG,603533,65,52.55
1448,XSHE,300662,65,63.71
1437,XSHE,2540,65,22.48
1443,XSHG,603583,65,27.25
1445,XSHG,603012,65,37.65
1469,XSHE,797,64,34.59
1465,XSHG,600146,64,-19.71
1455,XSHE,2716,64,38.58
1457,XSHE,2497,64,51.73
1467,XSHE,300174,64,142.58
1459,XSHE,2034,64,25.22
1460,XSHG,600343,64,458.8
1462,XSHE,300185,64,68.13
1470,XSHG,600794,64,45.76
1464,XSHE,552,64,10.64
1456,XSHE,2679,64,-131.29
1468,XSHE,2239,64,255.11
1458,XSHE,662,64,27.36
1466,XSHG,600738,64,19.31
1461,XSHE,300255,64,28.3
1463,XSHE,300702,64,12.48
1481,XSHG,600210,63,26.68
1473,XSHE,2130,63,49.81
1475,XSHE,300409,63,-18.67
1482,XSHE,2095,63,152.93
1478,XSHG,600503,63,-145.78
1484,XSHG,600230,63,97.29
1483,XSHG,600577,63,20.3
1479,XSHE,2631,63,65.02
1486,XSHE,2346,63,15.84
1476,XSHG,601500,63,48.14
1471,XSHE,2929,63,32.95
1472,XSHE,300252,63,77.77
1487,XSHE,2017,63,189.65
1474,XSHE,2238,63,29.13
1477,XSHE,2699,63,137.84
1480,XSHE,2219,63,58.42
1485,XSHE,55,63,22.39
1505,XSHE,300034,62,48.72
1498,XSHE,2036,62,38.23
1497,XSHE,300223,62,633.34
1501,XSHG,600743,62,154.78
1492,XSHG,600399,62,30.9
1491,XSHE,2307,62,237.95
1504,XSHG,600822,62,87.66
1493,XSHG,600481,62,147.81
1496,XSHE,300487,62,27.62
1490,XSHG,600650,62,20.12
1494,XSHE,796,62,51.46
1495,XSHE,2646,62,30.75
1502,XSHE,2126,62,14.16
1500,XSHG,600326,62,331.04
1503,XSHG,600661,62,55.82
1489,XSHE,2332,62,26.85
1488,XSHE,300066,62,73.64
1499,XSHE,2057,62,34.4
1512,XSHE,2228,61,22.29
1515,XSHE,2243,61,101.19
1519,XSHG,601890,61,63.19
1506,XSHG,600658,61,17.09
1508,XSHG,603959,61,41.67
1510,XSHG,603393,61,19.71
1514,XSHE,2053,61,11.08
1524,XSHE,811,61,8.99
1517,XSHE,910,61,24.11
1520,XSHE,300047,61,117.97
1522,XSHE,2657,61,15.48
1513,XSHG,603619,61,56.73
1523,XSHE,2256,61,-58.53
1521,XSHE,2108,61,52.28
1511,XSHE,2313,61,211.53
1507,XSHG,600129,61,14.57
1516,XSHG,603590,61,30.91
1518,XSHE,2431,61,-9.15
1509,XSHG,603105,61,4227.2
1526,XSHE,2585,60,34.48
1538,XSHE,37,60,-52.9
1540,XSHE,300131,60,33.05
1527,XSHE,2318,60,21.05
1549,XSHG,600581,60,-7.7
1534,XSHE,507,60,184.87
1533,XSHE,2135,60,17.2
1532,XSHE,300055,60,22.31
1525,XSHE,2435,60,18.59
1551,XSHE,2367,60,50.74
1545,XSHG,603713,60,35.4
1543,XSHG,600182,60,78.66
1530,XSHE,300045,60,147.73
1531,XSHE,2344,60,15.3
1539,XSHE,2515,60,47.03
1548,XSHE,2570,60,167.68
1541,XSHE,2276,60,-93.88
1537,XSHE,829,60,130.16
1550,XSHE,300310,60,85.89
1536,XSHG,600088,60,41.9
1529,XSHG,603108,60,22.2
1547,XSHE,300110,60,304.72
1528,XSHE,2378,60,211.28
1535,XSHE,657,60,42.46
1542,XSHG,601677,60,10.49
1546,XSHG,603429,60,35.62
1544,XSHE,652,60,-137.46
1570,XSHG,600744,59,59.05
1567,XSHE,300366,59,53.83
1558,XSHE,2189,59,65.46
1573,XSHE,300672,59,-432.7
1562,XSHG,603357,59,12.48
1569,XSHE,498,59,14.1
1555,XSHE,544,59,23.91
1564,XSHE,300429,59,44.54
1553,XSHE,2685,59,36.02
1563,XSHE,2520,59,34.85
1552,XSHE,557,59,51.62
1559,XSHG,603967,59,44.46
1574,XSHG,600603,59,12.75
1557,XSHE,300044,59,22.62
1566,XSHE,300559,59,93.74
1572,XSHG,600590,59,26.42
1554,XSHE,851,59,-73.5
1571,XSHE,300502,59,45.1
1560,XSHG,600986,59,66.2
1568,XSHE,2181,59,64.9
1561,XSHG,600055,59,257.17
1565,XSHE,300237,59,16.52
1592,XSHE,791,58,-49.62
1576,XSHE,2636,58,56.39
1581,XSHE,2512,58,-36.18
1584,XSHE,300623,58,42.15
1575,XSHG,600773,58,56.93
1589,XSHE,11,58,18.46
1595,XSHE,861,58,63.49
1586,XSHG,603055,58,26.67
1593,XSHE,708,58,16.83
1582,XSHG,600368,58,2.21
1577,XSHG,603060,58,68.22
1580,XSHG,600617,58,31.34
1591,XSHE,300596,58,27.22
1583,XSHG,600218,58,49.42
1579,XSHG,600389,58,16
1594,XSHG,600742,58,13.53
1578,XSHG,603886,58,-213.39
1585,XSHG,600300,58,15.77
1600,XSHE,2364,58,126
1599,XSHG,600496,58,13.54
1596,XSHE,2550,58,16.15
1587,XSHG,600789,58,30.03
1598,XSHG,600211,58,20.38
1601,XSHE,2139,58,27.62
1588,XSHE,711,58,-22.1
1597,XSHG,603169,58,80.87
1590,XSHE,300506,58,20.63
1626,XSHE,300064,57,41.65
1624,XSHE,300081,57,101.6
1608,XSHE,300205,57,21.73
1615,XSHE,2079,57,82.2
1602,XSHG,600638,57,51.16
1623,XSHG,600846,57,28.04
1617,XSHG,600184,57,345.03
1625,XSHE,155,57,9.09
1606,XSHE,2427,57,284.13
1609,XSHG,603603,57,64.5
1610,XSHG,601038,57,31.74
1621,XSHE,2519,57,40.97
1627,XSHG,600495,57,226.23
1604,XSHG,600662,57,9.36
1616,XSHE,2796,57,95.98
1622,XSHG,600978,57,12.39
1607,XSHG,603697,57,31.48
1603,XSHG,603606,57,29.02
1611,XSHE,300737,57,34.02
1613,XSHE,300590,57,52.82
1619,XSHG,600345,57,35.82
1618,XSHG,600825,57,232.28
1612,XSHE,300651,57,644.4
1614,XSHE,300043,57,43.65
1605,XSHE,2750,57,273.38
1620,XSHE,300771,57,18.5
1628,XSHE,2522,56,119.54
1638,XSHE,966,56,6.32
1657,XSHG,600509,56,25.8
1649,XSHE,2073,56,77.18
1633,XSHG,603920,56,40.1
1640,XSHE,2478,56,10.25
1647,XSHG,603018,56,18.28
1634,XSHE,2588,56,35.09
1659,XSHE,893,56,1116.17
1648,XSHG,600810,56,7.5
1641,XSHE,903,56,10.43
1651,XSHE,410,56,-3.08
1629,XSHE,2759,56,14.65
1630,XSHE,2930,56,32.8
1639,XSHE,2752,56,101.25
1635,XSHE,524,56,12.6
1645,XSHG,603919,56,12.82
1644,XSHE,2548,56,-127.62
1631,XSHG,600523,56,245.39
1643,XSHE,2662,56,-14.21
1655,XSHE,2355,56,75.07
1632,XSHE,300379,56,93.42
1636,XSHG,601366,56,14.52
1652,XSHG,600425,56,-19.13
1646,XSHE,300638,56,36.42
1653,XSHE,665,56,21.03
1658,XSHE,2400,56,22.05
1654,XSHE,300171,56,87.37
1650,XSHG,600531,56,123.01
1642,XSHE,2663,56,150.63
1637,XSHG,600086,56,-8.73
1656,XSHE,2509,56,-56.98
1679,XSHE,2298,55,49.49
1663,XSHE,300395,55,49.67
1662,XSHE,300065,55,47.28
1687,XSHE,2777,55,97.19
1672,XSHE,300127,55,37.03
1682,XSHE,2782,55,115.85
1665,XSHG,600724,55,8.51
1675,XSHE,56,55,29.1
1668,XSHE,2756,55,13.57
1666,XSHE,420,55,73.14
1681,XSHG,600063,55,29.18
1673,XSHG,601002,55,18.95
1688,XSHG,600475,55,8.44
1686,XSHE,2953,55,70.03
1660,XSHG,603313,55,18.37
1664,XSHE,2703,55,-122.99
1669,XSHE,300020,55,22.9
1677,XSHE,2474,55,94.13
1678,XSHE,300191,55,325.27
1670,XSHE,2882,55,13.79
1674,XSHE,300510,55,-1707.97
1683,XSHE,2518,55,31.21
1685,XSHG,603033,55,30.63
1667,XSHE,687,55,-65.99
1671,XSHG,600136,55,24.52
1661,XSHE,150,55,26.06
1680,XSHG,603896,55,31.65
1684,XSHE,300114,55,44.6
1676,XSHE,300772,55,150.59
1701,XSHE,836,54,84.76
1692,XSHG,600110,54,43.65
1715,XSHG,600288,54,-180.63
1690,XSHE,2192,54,-80.42
1695,XSHE,2055,54,62.1
1705,XSHE,2906,54,157.21
1710,XSHE,300327,54,41.45
1714,XSHE,300219,54,13.04
1718,XSHE,2484,54,33.26
1721,XSHE,2222,54,36.11
1706,XSHG,600629,54,16.46
1704,XSHE,300107,54,12.42
1716,XSHE,300261,54,27.53
1689,XSHE,2664,54,24.17
1697,XSHE,300441,54,58.97
1707,XSHG,601268,54,-4.52
1717,XSHE,2757,54,24.66
1711,XSHE,2616,54,27.95
1691,XSHE,2791,54,201.32
1719,XSHE,2707,54,20.61
1693,XSHE,713,54,37.02
1698,XSHG,600676,54,32.06
1713,XSHG,603636,54,-223.63
1700,XSHE,2324,54,54.68
1703,XSHE,300322,54,73.89
1708,XSHG,600679,54,261.78
1699,XSHE,300119,54,31.21
1709,XSHE,2166,54,125.48
1702,XSHG,601137,54,19.23
1694,XSHG,603359,54,16.53
1712,XSHG,600103,54,24.84
1720,XSHG,600308,54,13.13
1696,XSHE,300307,54,31.72
1738,XSHE,2918,53,24.79
1736,XSHE,300397,53,59.14
1723,XSHE,49,53,19.68
1725,XSHG,600261,53,8.36
1743,XSHE,2003,53,67.88
1746,XSHE,885,53,9.01
1735,XSHE,2586,53,45.04
1737,XSHG,603098,53,32.84
1729,XSHG,603181,53,24.11
1744,XSHG,600227,53,-40.97
1733,XSHG,603728,53,56.47
1734,XSHG,600984,53,60.46
1741,XSHE,2564,53,107.63
1731,XSHG,603898,53,34.52
1732,XSHE,300201,53,-84.35
1724,XSHE,759,53,50
1726,XSHG,600790,53,15.33
1722,XSHE,300394,53,39.39
1739,XSHE,300439,53,18.41
1742,XSHG,600285,53,13.02
1745,XSHE,2022,53,26.47
1740,XSHE,300099,53,-359.21
1730,XSHG,601020,53,71.09
1728,XSHE,2935,53,-88.85
1727,XSHG,600620,53,525.04
1764,XSHE,2528,52,152.57
1759,XSHG,603601,52,26.89
1755,XSHG,600452,52,13.5
1763,XSHE,1896,52,28.8
1748,XSHE,2609,52,-77.6
1750,XSHE,2106,52,162.69
1766,XSHE,567,52,38.37
1765,XSHE,2933,52,37.52
1756,XSHG,600075,52,50.26
1747,XSHE,2523,52,80.37
1754,XSHG,601226,52,-46.86
1761,XSHE,2651,52,25.33
1751,XSHE,2279,52,-22.1
1758,XSHE,2322,52,35.25
1757,XSHE,96,52,125.69
1753,XSHE,2169,52,174.05
1760,XSHE,2790,52,37.3
1749,XSHG,600229,52,13.88
1752,XSHG,600530,52,17.02
1762,XSHG,603690,52,112.97
1779,XSHE,2088,51,17.75
1776,XSHE,2312,51,-35.63
1782,XSHE,2104,51,48.78
1775,XSHE,823,51,37.71
1772,XSHG,600168,51,15
1767,XSHG,603299,51,8.74
1774,XSHG,600636,51,-1119.14
1778,XSHE,300388,51,21.43
1771,XSHE,2582,51,9.62
1769,XSHE,2708,51,-193.77
1785,XSHE,300258,51,19.14
1773,XSHE,300229,51,176.74
1781,XSHE,300659,51,-100.38
1770,XSHE,2451,51,22.3
1780,XSHE,2235,51,12.76
1783,XSHG,600351,51,16.79
1784,XSHE,300485,51,28.19
1768,XSHE,751,51,54.86
1777,XSHG,603666,51,35.81
1820,XSHE,2240,50,57.44
1823,XSHG,600172,50,80.99
1802,XSHE,899,50,14.71
1791,XSHE,300627,50,68.67
1809,XSHE,300531,50,26.07
1819,XSHE,2177,50,35.06
1801,XSHE,2947,50,44.8
1810,XSHE,2937,50,32.35
1818,XSHE,300317,50,-42.24
1788,XSHG,603808,50,14.13
1803,XSHE,2083,50,9.24
1811,XSHG,601008,50,426.2
1795,XSHE,2895,50,245.8
1805,XSHE,2386,50,26.78
1808,XSHG,603360,50,39.05
1806,XSHE,300384,50,24.65
1792,XSHE,777,50,102.46
1807,XSHE,300263,50,41.77
1812,XSHE,922,50,12.86
1817,XSHG,603739,50,119.39
1816,XSHG,603997,50,20.93
1789,XSHE,300386,50,589.11
1800,XSHE,300448,50,121.24
1814,XSHG,600242,50,172.69
1822,XSHE,558,50,-40.63
1813,XSHE,2650,50,22.38
1787,XSHE,2335,50,37.31
1790,XSHG,600468,50,73.55
1796,XSHG,600973,50,30.5
1821,XSHG,601126,50,-52.93
1824,XSHE,300477,50,-103.6
1815,XSHG,603803,50,29.79
1793,XSHG,601595,50,27.17
1786,XSHE,300158,50,24.49
1798,XSHE,2349,50,18.54
1799,XSHE,2803,50,17.2
1794,XSHE,2833,50,16.44
1804,XSHG,603081,50,21.81
1797,XSHG,600805,50,45.99
1843,XSHG,600855,49,-45.75
1833,XSHE,300021,49,24.19
1825,XSHE,531,49,15.61
1828,XSHE,300570,49,35.26
1830,XSHE,300438,49,27.2
1844,XSHE,2077,49,-10.14
1832,XSHE,2029,49,13.42
1842,XSHG,603167,49,6.69
1841,XSHG,600391,49,-52.44
1836,XSHE,300082,49,21.3
1835,XSHE,300664,49,24.29
1826,XSHG,603611,49,22.25
1829,XSHE,852,49,118.22
1850,XSHE,2158,49,45.2
1851,XSHG,600251,49,32.03
1827,XSHE,957,49,337.52
1837,XSHE,996,49,-3590.5
1847,XSHE,2592,49,-175.2
1834,XSHE,300075,49,55.36
1838,XSHE,606,49,17.18
1845,XSHE,2649,49,33.9
1846,XSHE,300031,49,13.89
1849,XSHE,2277,49,7.32
1840,XSHE,300291,49,125.07
1848,XSHE,2182,49,25.54
1839,XSHG,600433,49,76.84
1831,XSHG,603828,49,33.79
1861,XSHG,600293,48,31.61
1883,XSHG,600586,48,19.12
1859,XSHE,300684,48,96.58
1855,XSHE,2090,48,40.49
1868,XSHE,300571,48,20.6
1884,XSHG,603528,48,27.93
1863,XSHE,300128,48,907.12
1875,XSHE,300739,48,43.79
1857,XSHG,600239,48,-3.21
1866,XSHG,603365,48,15.88
1853,XSHG,600512,48,4.04
1864,XSHG,603979,48,15.29
1885,XSHE,2140,48,38.81
1869,XSHG,600461,48,9.15
1865,XSHE,2539,48,30.35
1881,XSHE,2206,48,13.78
1870,XSHE,2479,48,31.39
1886,XSHE,68,48,-41.52
1889,XSHE,300262,48,44.61
1860,XSHE,2111,48,20.54
1867,XSHG,603131,48,116.85
1872,XSHE,680,48,28.14
1879,XSHG,600592,48,9.45
1887,XSHE,2534,48,13.29
1873,XSHG,603871,48,17.11
1877,XSHE,2245,48,30.34
1862,XSHE,300083,48,141.39
1858,XSHE,2031,48,175.36
1852,XSHE,300302,48,-171.15
1880,XSHE,2661,48,19.48
1876,XSHE,300061,48,20.97
1890,XSHE,2359,48,-12.14
1856,XSHE,607,48,-121.45
1871,XSHG,600551,48,10.16
1882,XSHG,600896,48,-41.47
1854,XSHE,300039,48,16.9
1878,XSHG,600713,48,16.52
1888,XSHG,600966,48,9.69
1874,XSHE,300604,48,2479.86
1910,XSHE,300568,47,15.4
1900,XSHE,300343,47,31.93
1925,XSHE,2369,47,192.94
1898,XSHE,2308,47,120.58
1904,XSHE,300319,47,222.07
1918,XSHE,2288,47,589.65
1905,XSHG,600695,47,18.12
1897,XSHE,2305,47,117.18
1895,XSHG,600220,47,-109.3
1915,XSHE,2397,47,20.42
1930,XSHG,603839,47,11.44
1923,XSHG,600133,47,36.43
1902,XSHE,626,47,47.17
1916,XSHG,600382,47,11.35
1893,XSHE,822,47,13.03
1926,XSHG,603188,47,9.79
1927,XSHG,603639,47,17
1909,XSHG,600292,47,38.97
1894,XSHE,821,47,12.05
1920,XSHE,2459,47,1423.18
1921,XSHE,300470,47,24.2
1911,XSHE,300342,47,26.56
1906,XSHG,603111,47,19.2
1929,XSHG,603032,47,502.63
1922,XSHE,2418,47,-21.73
1919,XSHE,2043,47,12.63
1907,XSHE,2496,47,103.73
1914,XSHG,603306,47,21.6
1896,XSHG,600693,47,37.87
1903,XSHG,603333,47,61.25
1924,XSHE,300215,47,72.28
1901,XSHE,300299,47,96.08
1912,XSHE,2425,47,10.02
1908,XSHE,300653,47,43.32
1928,XSHE,300396,47,24.16
1891,XSHE,2581,47,-91.61
1892,XSHG,600488,47,30.06
1913,XSHE,2721,47,27.63
1899,XSHG,603185,47,27.89
1917,XSHE,2713,47,-14.65
1937,XSHG,600819,46,34.02
1934,XSHG,603595,46,-33.18
1949,XSHE,601,46,10.46
1941,XSHE,300288,46,60.98
1957,XSHE,300282,46,57.83
1950,XSHG,600537,46,-71.72
1963,XSHG,603303,46,27.03
1956,XSHE,534,46,59.69
1961,XSHG,600322,46,7.09
1954,XSHE,850,46,2.71
1931,XSHE,2738,46,40.7
1951,XSHG,600187,46,-854.68
1962,XSHG,601368,46,12.76
1965,XSHG,600826,46,8.96
1960,XSHE,300067,46,24.44
1966,XSHE,2741,46,78.95
1955,XSHE,300190,46,15.7
1959,XSHE,2059,46,-54.84
1935,XSHG,600686,46,139.84
1943,XSHE,300311,46,102.4
1944,XSHE,2447,46,95.73
1938,XSHG,600628,46,14.36
1933,XSHE,2840,46,24.45
1936,XSHG,600268,46,-11.95
1940,XSHE,300208,46,270.78
1932,XSHE,2224,46,48.56
1948,XSHE,38,46,272.53
1939,XSHG,603676,46,56.77
1945,XSHE,300363,46,69.85
1946,XSHG,600568,46,-104.59
1952,XSHE,915,46,47.95
1964,XSHE,756,46,15.08
1947,XSHE,2658,46,116.07
1942,XSHG,600961,46,-24.33
1958,XSHE,2428,46,1277.72
1953,XSHE,587,46,-1.42
1983,XSHE,2632,45,22.4
1998,XSHE,2163,45,-32.42
1990,XSHG,603505,45,27
1978,XSHG,600163,45,21.77
1970,XSHG,603679,45,48.34
1971,XSHE,300077,45,-74.23
1974,XSHE,2638,45,421.08
1976,XSHG,603005,45,336.87
1969,XSHE,2516,45,26.72
2000,XSHG,600798,45,32.88
1985,XSHG,603585,45,14.05
2001,XSHG,603906,45,30.83
2003,XSHE,2246,45,186.13
1992,XSHE,300137,45,47.16
1967,XSHE,2689,45,-21.16
1980,XSHE,2283,45,12.09
1982,XSHE,584,45,79.48
1993,XSHE,300607,45,28.96
1979,XSHE,913,45,80.35
1984,XSHE,2141,45,403.32
1994,XSHG,600114,45,49.1
1981,XSHG,600076,45,8.12
1968,XSHG,603982,45,59.59
1986,XSHE,300694,45,37.78
1975,XSHE,300603,45,37.89
1991,XSHE,300467,45,15.43
1989,XSHG,600723,45,11.02
1997,XSHG,603777,45,17.2
1972,XSHE,2441,45,12.57
1977,XSHG,603861,45,48.26
1987,XSHE,2838,45,30.96
2002,XSHG,600480,45,23.18
1999,XSHE,300143,45,1283.16
1973,XSHE,2880,45,41.94
1988,XSHE,300016,45,27.69
1995,XSHE,300147,45,36.03
1996,XSHE,2393,45,25.09
2034,XSHE,659,44,-51.02
2015,XSHG,600207,44,-42.48
2043,XSHG,603688,44,37.96
2032,XSHE,2724,44,52.09
2038,XSHE,300303,44,19.4
2044,XSHE,300102,44,425.7
2048,XSHE,300389,44,38.48
2045,XSHG,603300,44,16.81
2010,XSHE,965,44,-56.34
2019,XSHE,615,44,82.9
2025,XSHE,616,44,-88.8
2027,XSHE,2147,44,-14.69
2028,XSHE,736,44,12.05
2008,XSHG,603116,44,15.2
2029,XSHG,600070,44,6.34
2006,XSHE,2783,44,92.8
2036,XSHE,300125,44,448.45
2013,XSHE,300471,44,-94.04
2018,XSHE,2526,44,24.53
2052,XSHG,603648,44,28.05
2035,XSHG,603801,44,34.56
2020,XSHG,600199,44,122.5
2031,XSHG,601579,44,16.52
2012,XSHE,505,44,41.96
2024,XSHG,600313,44,-139.56
2046,XSHE,300094,44,121.93
2011,XSHG,603348,44,32
2050,XSHG,600609,44,57.12
2042,XSHE,300579,44,165.03
2049,XSHE,300096,44,-52.18
2051,XSHE,300532,44,28.25
2039,XSHG,600280,44,233.92
2016,XSHG,600856,44,-11.51
2047,XSHE,159,44,45.95
2022,XSHE,2852,44,24.73
2005,XSHE,2706,44,25.71
2017,XSHE,300444,44,54.68
2007,XSHG,600668,44,9.49
2023,XSHE,2641,44,18.88
2014,XSHE,561,44,-61.59
2021,XSHG,603466,44,14.36
2030,XSHG,600200,44,148.4
2040,XSHG,600594,44,18.42
2026,XSHE,300370,44,1077.14
2041,XSHE,300259,44,48.83
2033,XSHE,2167,44,573.98
2009,XSHG,600069,44,-23.45
2037,XSHG,603960,44,45.42
2004,XSHG,600653,44,97.33
2083,XSHG,600780,43,11.6
2057,XSHE,300671,43,300.6
2064,XSHE,300613,43,-40.99
2086,XSHG,603936,43,60.3
2073,XSHE,2377,43,14.04
2061,XSHE,2398,43,12.11
2065,XSHE,2062,43,11.39
2076,XSHG,603458,43,15.54
2078,XSHG,600979,43,20.21
2054,XSHG,603010,43,41.01
2066,XSHE,2011,43,20.33
2071,XSHE,300013,43,117.34
2063,XSHG,601028,43,-137.29
2069,XSHE,2850,43,47.52
2059,XSHE,99,43,50.08
2084,XSHG,603668,43,74.76
2077,XSHE,2749,43,22.44
2082,XSHE,2391,43,14.91
2080,XSHG,603121,43,44.71
2055,XSHE,2232,43,171.97
2056,XSHE,300520,43,127.16
2067,XSHG,600571,43,229.44
2072,XSHE,300290,43,152.25
2081,XSHE,300513,43,45.93
2085,XSHG,603232,43,-577.16
2070,XSHG,600327,43,8.33
2062,XSHG,603063,43,34.22
2058,XSHG,600880,43,41.73
2060,XSHE,2575,43,376.86
2075,XSHE,2605,43,20.29
2053,XSHE,300573,43,1021.82
2068,XSHE,300006,43,51.71
2074,XSHG,600614,43,-57.34
2079,XSHG,603308,43,28.32
2120,XSHG,603681,42,40.04
2091,XSHE,2392,42,13.28
2094,XSHE,2225,42,16.3
2104,XSHE,300331,42,74.41
2107,XSHG,600310,42,3.9
2111,XSHE,2039,42,152.7
2114,XSHE,514,42,63.24
2102,XSHE,2674,42,47.83
2125,XSHE,2154,42,11.42
2128,XSHG,603001,42,13.1
2096,XSHG,603887,42,44.72
2106,XSHE,2949,42,205.95
2109,XSHG,603929,42,27.83
2127,XSHG,601789,42,14.21
2121,XSHE,2109,42,19.55
2126,XSHG,603823,42,28.03
2115,XSHE,300332,42,222.12
2088,XSHE,300660,42,24.01
2098,XSHG,600843,42,30.94
2119,XSHE,2046,42,37.34
2092,XSHG,603008,42,45.08
2099,XSHG,603336,42,67.5
2093,XSHE,300624,42,40.55
2123,XSHE,2331,42,110.14
2101,XSHE,906,42,5.48
2124,XSHG,600122,42,-7.26
2089,XSHG,600290,42,-57.77
2090,XSHG,603618,42,45.59
2100,XSHE,300140,42,65.76
2116,XSHE,2300,42,40.17
2118,XSHE,2541,42,15.41
2112,XSHE,859,42,234.93
2117,XSHE,300213,42,144.87
2097,XSHE,2712,42,8.48
2113,XSHE,2343,42,167.77
2105,XSHE,300206,42,28.6
2108,XSHE,300273,42,18.68
2110,XSHG,600829,42,14.24
2087,XSHE,2562,42,-41.67
2103,XSHG,600888,42,24.19
2122,XSHE,762,42,4001.52
2095,XSHE,576,42,43.05
2146,XSHE,2214,41,87.58
2169,XSHG,601968,41,51.89
2138,XSHE,300393,41,36.95
2150,XSHE,300346,41,65.72
2137,XSHE,939,41,-2.03
2151,XSHE,993,41,39.19
2163,XSHE,2197,41,249.85
2145,XSHE,2137,41,18.88
2149,XSHE,2218,41,156.67
2166,XSHE,300516,41,100.83
2129,XSHE,2208,41,9.38
2157,XSHE,897,41,-61.98
2171,XSHE,608,41,-40.71
2133,XSHE,2656,41,27.46
2143,XSHE,779,41,18.58
2147,XSHG,600117,41,63.6
2132,XSHE,905,41,87.01
2164,XSHE,2040,41,39.62
2155,XSHG,601188,41,10.4
2136,XSHE,504,41,-157.76
2174,XSHG,603797,41,30
2140,XSHE,300400,41,-102.14
2148,XSHE,300420,41,29.03
2162,XSHG,601882,41,94.36
2176,XSHE,300411,41,149.96
2177,XSHE,300116,41,-1.88
2141,XSHG,600983,41,-67.5
2131,XSHG,600877,41,-40.98
2170,XSHE,300328,41,156.33
2154,XSHE,300178,41,49.34
2173,XSHE,300673,41,165.48
2179,XSHG,603166,41,21.98
2135,XSHG,603258,41,25.29
2159,XSHG,603189,41,95.9
2172,XSHG,600476,41,245.82
2178,XSHE,300578,41,30.84
2142,XSHE,417,41,8.58
2139,XSHE,2847,41,36.18
2160,XSHE,300569,41,36.08
2144,XSHG,600449,41,-18.63
2130,XSHE,973,41,92.15
2158,XSHG,600818,41,619.2
2180,XSHE,300338,41,45.7
2134,XSHE,919,41,4.91
2152,XSHE,300108,41,35.51
2153,XSHE,2900,41,19.13
2161,XSHG,600479,41,23.37
2165,XSHG,603669,41,28.18
2167,XSHE,300497,41,19.03
2168,XSHE,788,41,67.27
2175,XSHE,908,41,52.93
2156,XSHG,603900,41,11.52
2181,XSHE,2325,41,14.58
2185,XSHG,603612,40,127.97
2200,XSHE,300340,40,44.89
2207,XSHG,600800,40,-48.19
2216,XSHE,300455,40,75.51
2183,XSHE,300410,40,54.04
2196,XSHE,300625,40,162.26
2199,XSHG,600363,40,34.21
2203,XSHE,2199,40,-201.67
2217,XSHE,300709,40,-657.81
2231,XSHE,300046,40,42.93
2184,XSHG,600225,40,-10.23
2219,XSHE,886,40,36.74
2197,XSHG,603557,40,21.44
2182,XSHE,2116,40,20.99
2188,XSHE,2060,40,32.39
2187,XSHG,600283,40,68.65
2226,XSHE,2538,40,23.02
2208,XSHE,300758,40,65.16
2210,XSHE,2068,40,-13.44
2220,XSHG,600844,40,-14.91
2191,XSHE,300195,40,42.55
2201,XSHG,601177,40,137.21
2202,XSHE,2255,40,16.64
2227,XSHE,2472,40,25.03
2212,XSHG,600336,40,27.03
2195,XSHG,603969,40,54.09
2224,XSHG,600593,40,-116.48
2204,XSHG,600792,40,51.12
2222,XSHG,600238,40,-52.18
2215,XSHE,300189,40,-83.63
2229,XSHG,600467,40,105.69
2198,XSHG,603566,40,69.35
2214,XSHE,678,40,-76.99
2223,XSHE,2510,40,41.13
2233,XSHE,2101,40,21.2
2206,XSHE,2654,40,29.95
2211,XSHE,300378,40,-77.67
2221,XSHE,300525,40,-42.55
2205,XSHE,2264,40,35.7
2213,XSHG,600248,40,20.96
2209,XSHE,716,40,132.19
2232,XSHG,600882,40,2570.01
2192,XSHE,2334,40,39.31
2189,XSHE,300198,40,170.24
2225,XSHE,2433,40,27.78
2230,XSHG,603998,40,41.34
2193,XSHG,601388,40,117.33
2228,XSHE,2229,40,-122.83
2190,XSHE,2740,40,66.92
2186,XSHG,603579,40,17.42
2218,XSHE,2270,40,28
2194,XSHE,2504,40,179.36
2249,XSHE,862,39,167.11
2270,XSHE,2315,39,14.71
2254,XSHE,2579,39,68.5
2273,XSHE,300691,39,77.71
2263,XSHG,600716,39,36.23
2266,XSHG,600215,39,19.87
2247,XSHG,600106,39,12.46
2235,XSHE,300732,39,21.15
2276,XSHE,2628,39,106.43
2242,XSHE,2549,39,56.57
2245,XSHG,603916,39,20.07
2251,XSHE,2094,39,35.87
2236,XSHE,300202,39,111.87
2248,XSHE,300718,39,33.36
2250,XSHG,603277,39,16.91
2264,XSHE,2282,39,55.04
2265,XSHE,925,39,94.26
2256,XSHG,600834,39,25.1
2262,XSHE,2132,39,62.67
2237,XSHE,300381,39,-54.11
2244,XSHE,300511,39,7.17
2271,XSHE,2477,39,-0.87
2274,XSHE,2734,39,11.66
2272,XSHE,599,39,68.19
2257,XSHE,948,39,-19.53
2259,XSHE,300561,39,98.25
2267,XSHE,300248,39,190.06
2238,XSHG,600824,39,15.49
2275,XSHG,600814,39,14.21
2240,XSHE,300138,39,20.46
2234,XSHE,2546,39,38.6
2255,XSHE,2471,39,112.23
2260,XSHE,300230,39,17.45
2253,XSHG,603496,39,38.64
2243,XSHE,892,39,90.02
2246,XSHE,300359,39,298.23
2269,XSHG,603716,39,44.75
2239,XSHE,2462,39,9.96
2268,XSHG,600613,39,40.68
2261,XSHG,603700,39,38.76
2258,XSHE,2067,39,13.01
2241,XSHE,2345,39,11.16
2252,XSHE,300368,39,475.45
2309,XSHE,300057,38,37.57
2279,XSHG,603519,38,24.95
2321,XSHG,600552,38,56.82
2324,XSHE,2297,38,998.48
2326,XSHE,300196,38,17.06
2290,XSHG,600995,38,5.49
2283,XSHE,2388,38,116.16
2294,XSHE,300657,38,42.4
2296,XSHE,2952,38,46.9
2298,XSHE,300708,38,-113.41
2307,XSHG,600651,38,-6.75
2313,XSHE,2902,38,100.96
2314,XSHE,300220,38,283.97
2319,XSHE,2897,38,151.47
2291,XSHG,600077,38,-88.55
2303,XSHG,600533,38,4.39
2318,XSHG,600730,38,88.15
2281,XSHE,2761,38,201.32
2289,XSHE,2485,38,508.29
2330,XSHG,603558,38,13.63
2337,XSHG,601518,38,23.63
2292,XSHE,2781,38,22.1
2277,XSHE,300740,38,2111.58
2286,XSHG,600722,38,196.99
2299,XSHE,545,38,38.16
2320,XSHE,300109,38,32.5
2335,XSHE,2037,38,-76.62
2328,XSHE,949,38,50.4
2285,XSHE,300152,38,10.9
2315,XSHE,300193,38,31.96
2322,XSHE,2438,38,18.66
2323,XSHE,300217,38,31.07
2284,XSHE,2590,38,167.49
2338,XSHG,603278,38,21.97
2302,XSHG,600555,38,-84.19
2297,XSHE,300483,38,24.59
2300,XSHG,603180,38,49.89
2308,XSHG,600265,38,6156.31
2301,XSHE,2556,38,24.07
2304,XSHE,2321,38,51.51
2334,XSHE,300087,38,114.75
2287,XSHG,600960,38,42.85
2310,XSHE,300100,38,56.02
2280,XSHE,300550,38,148.7
2288,XSHE,2464,38,24.1
2295,XSHE,300678,38,1546.66
2305,XSHG,601086,38,21.96
2332,XSHG,600785,38,8.3
2316,XSHG,600387,38,63.84
2333,XSHG,603689,38,14.7
2311,XSHE,529,38,32.4
2329,XSHE,2770,38,31.32
2336,XSHG,603083,38,-222.18
2278,XSHG,603309,38,48.82
2282,XSHE,300181,38,88.43
2317,XSHE,2644,38,72.9
2325,XSHE,2338,38,99.18
2327,XSHG,603297,38,36.42
2306,XSHE,300480,38,202.97
2312,XSHE,300546,38,97.01
2339,XSHE,2149,37,679.94
2384,XSHE,300706,37,677.3
2342,XSHG,600726,37,6.46
2340,XSHE,2769,37,31.01
2359,XSHE,300609,37,101.87
2382,XSHG,603106,37,101.63
2386,XSHE,32,37,33.31
2349,XSHE,300752,37,31.99
2353,XSHE,300301,37,56.84
2370,XSHE,300647,37,165.9
2372,XSHE,2587,37,24.93
2381,XSHE,300545,37,56.81
2391,XSHG,600318,37,43.47
2341,XSHE,838,37,-47.54
2346,XSHG,600223,37,21.71
2344,XSHG,603889,37,19.1
2356,XSHG,603157,37,94.92
2358,XSHE,2404,37,22.99
2345,XSHE,2593,37,96.13
2363,XSHG,600083,37,28.74
2347,XSHE,300424,37,3087.69
2348,XSHE,300575,37,12.38
2351,XSHE,2054,37,45.75
2355,XSHG,600328,37,10.41
2360,XSHE,300041,37,18.06
2365,XSHG,600725,37,184.56
2371,XSHE,2476,37,262.81
2377,XSHG,603790,37,21.49
2362,XSHE,530,37,8.67
2367,XSHE,2490,37,124.23
2373,XSHE,2892,37,41.17
2385,XSHE,2328,37,43.13
2366,XSHE,521,37,15.23
2389,XSHE,300351,37,37.23
2343,XSHG,603897,37,25.74
2376,XSHE,2514,37,16.31
2378,XSHG,600890,37,-98.19
2375,XSHE,300749,37,-1451.44
2388,XSHG,601996,37,30.07
2392,XSHG,603818,37,77.38
2352,XSHE,2666,37,43.18
2354,XSHE,2284,37,-216.46
2361,XSHG,600081,37,42.09
2364,XSHG,603214,37,52.06
2390,XSHG,600866,37,24.63
2380,XSHE,2927,37,82.4
2368,XSHE,2659,37,-44.26
2357,XSHE,2198,37,109.26
2379,XSHE,300642,37,58.34
2369,XSHE,300007,37,32.64
2383,XSHG,603100,37,23.12
2374,XSHE,962,37,306.17
2387,XSHE,2578,37,214.03
2350,XSHE,532,37,187.14
2398,XSHE,2014,36,17.8
2428,XSHE,2361,36,47.76
2429,XSHE,45,36,86.18
2439,XSHE,300139,36,6210.68
2401,XSHE,982,36,-3.92
2430,XSHG,600630,36,101.86
2441,XSHE,2612,36,16.87
2408,XSHE,655,36,30.42
2437,XSHE,520,36,70.63
2448,XSHE,300746,36,63.83
2409,XSHG,601199,36,24.73
2427,XSHE,2700,36,54.14
2436,XSHG,600807,36,149.07
2433,XSHE,151,36,1548.87
2395,XSHG,603977,36,105.95
2400,XSHE,523,36,83.73
2406,XSHE,300481,36,31.08
2411,XSHE,300769,36,36.79
2442,XSHE,2453,36,190.4
2449,XSHG,600589,36,29.51
2424,XSHE,300422,36,12.67
2447,XSHE,300425,36,44.8
2393,XSHE,300435,36,49.35
2410,XSHE,2630,36,64.83
2443,XSHE,300430,36,61.8
2403,XSHE,2210,36,-5.39
2423,XSHE,2342,36,99.35
2431,XSHE,2443,36,20.99
2416,XSHE,2186,36,84.64
2407,XSHE,780,36,-5.14
2440,XSHG,603086,36,21.91
2402,XSHE,589,36,25.5
2420,XSHG,603158,36,49.95
2425,XSHE,300695,36,28.81
2434,XSHE,300304,36,32.6
2419,XSHE,2354,36,-20.14
2432,XSHE,300465,36,175.92
2412,XSHG,603727,36,240.65
2422,XSHG,600381,36,114.45
2404,XSHE,300221,36,4.69
2421,XSHE,2395,36,278.79
2397,XSHE,2148,36,179.13
2438,XSHE,2878,36,35.25
2444,XSHE,300364,36,-11
2394,XSHE,2551,36,30.2
2396,XSHE,300358,36,142.79
2399,XSHG,603520,36,22.23
2413,XSHE,2877,36,77.09
2415,XSHG,603416,36,28.91
2435,XSHE,300466,36,24.48
2446,XSHE,300360,36,22.95
2418,XSHE,2842,36,37.7
2405,XSHG,603499,36,66.56
2414,XSHG,603058,36,37
2417,XSHG,600501,36,-80.01
2445,XSHG,603030,36,17.68
2426,XSHE,833,36,172.18
2505,XSHG,600644,35,16.18
2475,XSHE,2380,35,76.77
2483,XSHE,300250,35,84.07
2500,XSHE,2351,35,31.12
2499,XSHE,300241,35,52.86
2467,XSHG,600665,35,5.65
2493,XSHG,600684,35,12.43
2455,XSHG,600448,35,581.18
2468,XSHE,300005,35,21.69
2479,XSHG,603518,35,65.61
2482,XSHG,603555,35,62.67
2501,XSHE,2763,35,7.59
2504,XSHE,2291,35,40.28
2466,XSHG,603017,35,38.9
2461,XSHG,600439,35,17.65
2503,XSHG,603398,35,36.41
2478,XSHG,603706,35,43.53
2492,XSHE,300696,35,36.34
2497,XSHE,731,35,29.63
2490,XSHG,603332,35,26.71
2494,XSHG,603126,35,-223.47
2452,XSHE,300434,35,17.21
2457,XSHG,603789,35,215.05
2460,XSHE,300382,35,41.62
2474,XSHE,2527,35,-83.8
2489,XSHE,2406,35,13.39
2496,XSHE,2265,35,-179.23
2502,XSHE,300278,35,-21.07
2450,XSHG,603776,35,31.37
2471,XSHE,300011,35,118.05
2462,XSHG,603186,35,58.97
2506,XSHE,2688,35,22.85
2481,XSHG,603358,35,24.03
2488,XSHE,2448,35,17.64
2453,XSHE,300597,35,301.78
2458,XSHE,300508,35,13.76
2463,XSHE,2869,35,93.7
2484,XSHE,300533,35,30.24
2495,XSHE,2561,35,12.79
2476,XSHE,2554,35,10.34
2477,XSHE,300157,35,173.05
2487,XSHE,407,35,25.31
2454,XSHE,2329,35,83.87
2507,XSHG,601616,35,82.35
2473,XSHE,300256,35,-10.74
2498,XSHE,2381,35,16.42
2465,XSHE,2348,35,48.22
2451,XSHE,518,35,-69.21
2464,XSHE,300436,35,116.55
2469,XSHE,300583,35,27.35
2485,XSHG,600610,35,-120.48
2470,XSHE,26,35,13.65
2459,XSHG,603085,35,38.43
2472,XSHE,2943,35,32.84
2480,XSHE,300757,35,138.82
2486,XSHG,603901,35,43.9
2491,XSHE,300763,35,128.33
2456,XSHE,2822,35,27.82
2552,XSHE,2263,34,498.33
2523,XSHE,300333,34,215.01
2537,XSHE,2316,34,46.49
2538,XSHE,2829,34,207.78
2509,XSHE,300414,34,100.8
2513,XSHE,2845,34,162.65
2515,XSHE,300390,34,71.05
2534,XSHG,600683,34,16.07
2521,XSHG,603608,34,22.3
2528,XSHE,300778,34,29.58
2536,XSHE,628,34,49.78
2544,XSHE,669,34,-11.21
2527,XSHE,2170,34,-101.33
2526,XSHE,2455,34,35.96
2554,XSHE,2584,34,-43.78
2511,XSHE,2837,34,144.98
2516,XSHG,603686,34,16.38
2531,XSHG,600262,34,94.67
2532,XSHE,300512,34,28.19
2535,XSHE,300443,34,24.85
2540,XSHE,2164,34,15.75
2553,XSHE,2480,34,-39.97
2522,XSHG,600386,34,50.14
2524,XSHG,603226,34,65.08
2550,XSHG,603661,34,18.06
2551,XSHG,600354,34,-23.66
2517,XSHG,603197,34,24.57
2541,XSHE,300745,34,54.01
2508,XSHE,2401,34,33.29
2514,XSHE,300245,34,121.06
2542,XSHE,300687,34,-2622.12
2548,XSHG,603990,34,-204.87
2510,XSHE,753,34,30.46
2539,XSHE,698,34,26.21
2518,XSHE,2891,34,124.92
2547,XSHE,300447,34,34.42
2549,XSHE,300490,34,226.51
2512,XSHE,300050,34,57.47
2520,XSHE,2052,34,80.35
2543,XSHE,2813,34,-72.78
2519,XSHE,300336,34,23.11
2533,XSHE,300148,34,15.83
2525,XSHE,2173,34,25.11
2546,XSHE,300318,34,-134.03
2529,XSHG,603351,34,22.24
2530,XSHG,600255,34,-21.69
2545,XSHG,603385,34,15.89
2591,XSHE,2669,33,31.25
2597,XSHE,920,33,31.51
2598,XSHE,300234,33,18.79
2601,XSHE,300337,33,-24.62
2570,XSHE,722,33,26.37
2564,XSHE,300686,33,18.25
2609,XSHE,20,33,3144.3
2588,XSHG,600732,33,-118.28
2558,XSHE,2394,33,11.4
2562,XSHE,2087,33,10.74
2566,XSHG,603878,33,10.32
2560,XSHG,600279,33,51.06
2595,XSHG,600333,33,295.13
2557,XSHE,300586,33,23.64
2585,XSHG,603630,33,17.45
2587,XSHG,603078,33,171.86
2572,XSHE,2172,33,-15.4
2586,XSHG,600527,33,92.06
2561,XSHE,300187,33,90.88
2608,XSHE,5,33,-45.77
2574,XSHE,2532,33,30.22
2581,XSHE,300272,33,77.04
2582,XSHE,300035,33,17.74
2589,XSHE,2009,33,22.12
2594,XSHG,600980,33,81.57
2610,XSHE,2889,33,15.22
2580,XSHG,603626,33,63.18
2579,XSHE,2033,33,23.38
2593,XSHE,888,33,42.33
2555,XSHG,600121,33,129.07
2596,XSHE,2751,33,120.42
2584,XSHE,2942,33,17.3
2565,XSHE,2536,33,29.82
2567,XSHE,2454,33,8.83
2578,XSHG,603788,33,19.39
2600,XSHE,572,33,-18.6
2602,XSHG,600303,33,-27.27
2556,XSHE,300209,33,-130.83
2559,XSHE,2362,33,-102.03
2573,XSHE,300231,33,43.65
2590,XSHE,300468,33,58.64
2604,XSHE,2339,33,-16.6
2605,XSHG,603138,33,112.27
2611,XSHE,2253,33,194.43
2568,XSHG,603003,33,-66.8
2576,XSHE,300599,33,14.57
2592,XSHE,300620,33,148.33
2606,XSHG,603322,33,-35.68
2607,XSHG,603602,33,-174.73
2563,XSHE,300280,33,60.19
2575,XSHG,601999,33,44.24
2599,XSHE,673,33,-32.12
2583,XSHE,300677,33,24.27
2603,XSHE,2923,33,28.15
2612,XSHE,300404,33,586.74
2577,XSHE,2775,33,47.3
2569,XSHG,603203,33,24.16
2571,XSHG,603187,33,16.81
2626,XSHE,300008,32,-169.7
2644,XSHE,300600,32,57.83
2619,XSHE,300440,32,344.12
2630,XSHE,2806,32,-269.27
2652,XSHG,603386,32,46
2634,XSHG,600082,32,92.72
2648,XSHE,2887,32,19.1
2647,XSHE,506,32,32.61
2618,XSHG,603968,32,15.56
2625,XSHE,2125,32,44.44
2633,XSHE,300121,32,14.49
2651,XSHG,603817,32,25.75
2657,XSHE,300779,32,46.36
2615,XSHG,603617,32,36.71
2616,XSHE,300403,32,23.62
2627,XSHE,837,32,131.46
2635,XSHE,2196,32,79.25
2637,XSHE,2559,32,32.71
2639,XSHG,600860,32,-35.27
2642,XSHE,300173,32,740.27
2643,XSHG,603339,32,22.96
2646,XSHE,2645,32,21.04
2655,XSHG,600815,32,-265.07
2656,XSHE,2801,32,25.21
2645,XSHG,603366,32,-36.29
2629,XSHG,603629,32,41.94
2631,XSHE,300345,32,315.46
2632,XSHG,600558,32,95.85
2621,XSHG,600189,32,37.83
2623,XSHE,300048,32,38.1
2649,XSHE,700,32,12.97
2658,XSHE,300580,32,24.08
2620,XSHE,2780,32,781.6
2622,XSHG,600191,32,12.56
2653,XSHE,2350,32,110.6
2614,XSHE,2881,32,130.62
2636,XSHE,2089,32,-18.86
2641,XSHG,600130,32,-228.06
2617,XSHG,603999,32,219.31
2650,XSHE,2502,32,-33.35
2613,XSHE,2365,32,119.28
2624,XSHE,2728,32,20.07
2628,XSHG,603538,32,18.98
2638,XSHG,603978,32,49.56
2640,XSHE,300103,32,1575.64
2654,XSHG,603283,32,21.57
2700,XSHE,812,31,482.65
2672,XSHE,2577,31,184.89
2684,XSHE,2866,31,30.27
2688,XSHG,600353,31,53.24
2689,XSHG,603773,31,73.57
2690,XSHG,603133,31,-89.61
2703,XSHE,2655,31,585.96
2675,XSHG,600556,31,-118.23
2679,XSHG,600173,31,5.13
2701,XSHE,2486,31,214.03
2665,XSHE,300387,31,41.82
2677,XSHE,2753,31,34.99
2694,XSHE,300156,31,-16.11
2683,XSHE,2793,31,42.6
2697,XSHE,300097,31,-19.11
2698,XSHE,300415,31,14.46
2687,XSHE,2403,31,16
2682,XSHG,601007,31,58.99
2680,XSHG,603779,31,50.07
2693,XSHE,2772,31,11.4
2692,XSHG,603810,31,14.46
2664,XSHE,300432,31,23.62
2686,XSHG,603586,31,19.26
2699,XSHG,603179,31,13.99
2704,XSHE,300473,31,29.94
2678,XSHE,300542,31,-116.34
2696,XSHE,2642,31,66.89
2671,XSHG,603123,31,17.48
2666,XSHE,2495,31,94.4
2695,XSHE,2330,31,51.54
2660,XSHE,300265,31,325.34
2661,XSHE,2742,31,21.84
2668,XSHG,600802,31,10.86
2702,XSHG,603616,31,521.27
2669,XSHE,300151,31,59.8
2670,XSHE,2231,31,-305.35
2674,XSHG,600203,31,56.8
2685,XSHE,300392,31,353.33
2705,XSHG,600892,31,-78.31
2659,XSHG,603301,31,24.73
2673,XSHG,603987,31,24.84
2662,XSHE,590,31,72.7
2681,XSHE,300639,31,45.32
2691,XSHG,603079,31,54.58
2706,XSHE,2940,31,22.68
2667,XSHG,603912,31,28.27
2663,XSHG,600784,31,105.8
2676,XSHG,600113,31,28.1
2715,XSHG,603516,30,41.17
2721,XSHE,2599,30,64.27
2756,XSHE,2162,30,-98.49
2719,XSHE,2379,30,127.96
2741,XSHG,600401,30,-2.7
2746,XSHG,603045,30,49.92
2750,XSHG,600135,30,59.35
2757,XSHE,300080,30,-118.21
2751,XSHE,300042,30,47.58
2708,XSHE,300461,30,21.15
2760,XSHE,416,30,99.17
2710,XSHG,603909,30,119.51
2716,XSHG,603843,30,-202.36
2766,XSHE,300675,30,-31.4
2763,XSHE,300719,30,-67
2722,XSHE,2442,30,475.16
2727,XSHE,2637,30,17.1
2747,XSHE,300637,30,20.32
2753,XSHG,603192,30,28.21
2707,XSHE,404,30,58.03
2729,XSHE,2535,30,-96.72
2732,XSHE,2786,30,-17.34
2735,XSHE,2686,30,-58.26
2739,XSHE,300228,30,228.83
2767,XSHE,2248,30,-47.34
2762,XSHG,603685,30,30.53
2754,XSHE,300350,30,54.42
2768,XSHE,300240,30,139.52
2755,XSHE,300488,30,33.94
2737,XSHE,428,30,-9.83
2713,XSHG,600616,30,18.98
2718,XSHE,300175,30,25.06
2743,XSHG,600127,30,12.3
2740,XSHE,2725,30,32.77
2765,XSHE,300375,30,27.41
2736,XSHE,300730,30,-71.34
2748,XSHE,300541,30,-10917.83
2758,XSHE,2178,30,-21.34
2764,XSHE,300249,30,639.03
2723,XSHG,600287,30,3.86
2733,XSHG,600697,30,14.85
2738,XSHG,600361,30,15.46
2761,XSHG,603101,30,84.59
2712,XSHE,300356,30,-48.29
2720,XSHE,300111,30,-62.77
2726,XSHE,300018,30,165.77
2734,XSHE,300341,30,37.09
2749,XSHE,2622,30,-77.59
2759,XSHE,300129,30,36.02
2725,XSHG,600321,30,245.38
2711,XSHE,300320,30,13.26
2742,XSHE,300426,30,-16.93
2714,XSHE,300683,30,25.34
2745,XSHG,603015,30,116.55
2728,XSHE,300536,30,154.09
2744,XSHG,603007,30,30.93
2717,XSHG,603165,30,10.94
2724,XSHG,601218,30,105.81
2730,XSHE,2823,30,40.15
2731,XSHG,603855,30,21.9
2752,XSHE,856,30,-472.15
2709,XSHE,2856,30,201.23
2809,XSHE,300449,29,-37.85
2811,XSHE,300155,29,125.54
2816,XSHG,600836,29,-46.51
2771,XSHG,601208,29,300.93
2788,XSHG,603663,29,38
2801,XSHE,2876,29,-50.63
2781,XSHG,600152,29,-33.81
2802,XSHG,601599,29,80.55
2785,XSHE,409,29,-15.91
2803,XSHE,605,29,108.64
2798,XSHG,600687,29,-8.01
2777,XSHE,422,29,25.93
2770,XSHE,2917,29,99.3
2783,XSHE,2165,29,35.28
2775,XSHE,677,29,808.08
2805,XSHE,300172,29,46.58
2786,XSHE,2795,29,49.37
2807,XSHE,2774,29,-44.34
2804,XSHE,2005,29,-9.02
2787,XSHG,603329,29,101.2
2780,XSHG,600165,29,-136.02
2778,XSHE,300756,29,53.62
2791,XSHG,600397,29,38.27
2799,XSHG,603600,29,18.68
2795,XSHG,603970,29,25.67
2817,XSHE,2086,29,1969.1
2784,XSHG,600469,29,8.25
2772,XSHE,300598,29,-130.26
2773,XSHE,2113,29,26.35
2790,XSHE,300738,29,51.17
2813,XSHE,715,29,35.2
2814,XSHE,554,29,2266.99
2796,XSHG,600419,29,23.34
2769,XSHE,2533,29,19.59
2779,XSHG,600192,29,401.6
2815,XSHE,2457,29,571.8
2792,XSHE,300767,29,38.19
2800,XSHE,300169,29,-149.12
2774,XSHG,600680,29,-30.01
2810,XSHE,300548,29,210.2
2789,XSHG,603825,29,-1786.56
2808,XSHE,300612,29,-58.79
2782,XSHE,2788,29,16.43
2776,XSHE,300584,29,32.94
2797,XSHE,300086,29,26.63
2793,XSHE,2819,29,128.7
2794,XSHE,300667,29,154.28
2812,XSHG,600595,29,-4.72
2806,XSHE,2374,29,33.16
2853,XSHG,600145,28,-9520.15
2866,XSHG,600396,28,7.9
2834,XSHG,603890,28,34.25
2840,XSHE,300380,28,236.7
2842,XSHE,300150,28,77.19
2844,XSHE,300399,28,92.27
2845,XSHE,300279,28,61.52
2854,XSHE,300701,28,40.9
2869,XSHE,300269,28,-21.09
2823,XSHG,600830,28,90.84
2867,XSHG,600692,28,128.92
2870,XSHG,600463,28,-68.99
2874,XSHE,2133,28,-136.51
2865,XSHE,2634,28,164.26
2830,XSHG,600532,28,-195.5
2826,XSHE,300500,28,52.73
2879,XSHG,600078,28,83.88
2828,XSHE,510,28,26.99
2849,XSHE,2810,28,24.45
2878,XSHE,2827,28,-86.52
2827,XSHE,2884,28,12.1
2838,XSHE,2483,28,27.88
2843,XSHE,300247,28,-34.35
2850,XSHE,300161,28,-27.97
2864,XSHG,603129,28,32.3
2824,XSHG,603117,28,30.47
2829,XSHG,603535,28,23.27
2877,XSHE,300464,28,34.06
2855,XSHE,2853,28,45.83
2861,XSHG,603006,28,27.41
2875,XSHG,603035,28,27.73
2825,XSHE,300552,28,-44.12
2821,XSHE,2187,28,12.96
2837,XSHG,600838,28,29.87
2873,XSHG,600774,28,83.23
2818,XSHE,300164,28,50.94
2835,XSHE,2227,28,-350.63
2852,XSHE,806,28,-56.25
2863,XSHE,300670,28,107.26
2871,XSHE,300117,28,38.96
2862,XSHE,2211,28,173.62
2822,XSHE,300560,28,92.71
2833,XSHE,300565,28,-38.2
2846,XSHE,300711,28,-212.3
2847,XSHG,603559,28,-126.97
2858,XSHE,300615,28,232.78
2832,XSHE,300528,28,53.28
2868,XSHG,600576,28,26.97
2856,XSHE,2932,28,43.13
2839,XSHE,300705,28,67.36
2841,XSHE,790,28,56.99
2857,XSHE,300289,28,117
2859,XSHG,600222,28,53.79
2860,XSHE,2114,28,206.75
2876,XSHE,2160,28,-37.37
2819,XSHE,2574,28,16.82
2820,XSHG,600375,28,119.21
2831,XSHG,600526,28,34.56
2848,XSHG,603289,28,27.57
2851,XSHE,2613,28,-44.38
2872,XSHE,300374,28,84.72
2886,XSHG,600101,27,22.95
2941,XSHG,600969,27,35.84
2889,XSHE,2184,27,-56.34
2914,XSHE,300446,27,22.46
2917,XSHE,300052,27,56
2890,XSHG,600405,27,-37.09
2931,XSHE,2885,27,86.88
2883,XSHG,600052,27,-27.4
2938,XSHG,603506,27,24.44
2892,XSHG,603637,27,171.57
2903,XSHE,421,27,85.31
2921,XSHE,2524,27,-131.08
2930,XSHE,300437,27,20.43
2933,XSHE,300722,27,112.53
2888,XSHE,300655,27,118.06
2896,XSHE,300538,27,79.46
2902,XSHG,603378,27,-61.7
2904,XSHG,603928,27,19.41
2908,XSHE,300135,27,205.6
2910,XSHG,603067,27,26.57
2915,XSHE,300225,27,140.33
2924,XSHE,635,27,53.55
2928,XSHE,300530,27,76.43
2934,XSHG,600281,27,-76.87
2936,XSHG,603938,27,23.7
2885,XSHE,570,27,270.87
2900,XSHE,816,27,219.53
2907,XSHE,2006,27,-24.76
2916,XSHG,603315,27,269.79
2919,XSHE,2337,27,-26.91
2926,XSHE,2722,27,34.68
2935,XSHE,300690,27,19.05
2937,XSHE,300154,27,50.49
2887,XSHE,300475,27,35.63
2912,XSHE,300472,27,37.17
2899,XSHG,600696,27,236.25
2920,XSHE,2682,27,65.92
2918,XSHE,610,27,-188.22
2929,XSHG,600408,27,33.83
2880,XSHG,603709,27,60.23
2895,XSHE,300469,27,-41.68
2925,XSHG,600858,27,9.61
2932,XSHE,2820,27,23.94
2881,XSHE,2560,27,19.84
2893,XSHE,2879,27,26.43
2906,XSHG,603703,27,490.48
2922,XSHG,603507,27,129.73
2923,XSHE,300514,27,-94.27
2940,XSHE,300025,27,-89.69
2891,XSHE,2143,27,-23.73
2939,XSHE,2247,27,19.63
2909,XSHE,300753,27,44.31
2911,XSHE,411,27,22.05
2913,XSHE,2107,27,49.71
2884,XSHE,2767,27,186.02
2905,XSHE,300165,27,35.36
2927,XSHE,300697,27,20.56
2898,XSHE,300649,27,36.63
2897,XSHE,2521,27,341.13
2882,XSHE,551,27,35.46
2894,XSHE,2811,27,28.62
2901,XSHG,600701,27,-5.19
2979,XSHE,300260,26,55.82
2983,XSHE,300305,26,31.97
2945,XSHG,600505,26,437.04
2952,XSHG,600982,26,28.98
2956,XSHE,300479,26,271.27
2948,XSHE,300632,26,25.46
2970,XSHE,2861,26,107.35
2974,XSHE,300032,26,-84.36
2984,XSHG,600599,26,27.36
2953,XSHG,600853,26,-109.69
2950,XSHG,603080,26,22.25
2989,XSHE,300581,26,186.2
2982,XSHG,600423,26,-5.95
2963,XSHE,2319,26,-188.41
2965,XSHE,300641,26,71.11
2967,XSHG,603227,26,-32.52
2969,XSHE,300537,26,19.09
2987,XSHG,603002,26,165.88
2991,XSHE,565,26,55.4
2993,XSHG,600249,26,13.48
2942,XSHE,955,26,185.98
2972,XSHG,603200,26,34.02
2944,XSHE,2122,26,-5.16
2949,XSHE,2445,26,-11.74
2954,XSHG,603988,26,33.2
2955,XSHE,2871,26,47.18
2957,XSHE,2278,26,85.1
2962,XSHE,2026,26,21.83
2978,XSHE,300385,26,29.65
2985,XSHG,603787,26,38.92
2997,XSHG,600084,26,96.42
2964,XSHG,600097,26,-26.31
2990,XSHE,2069,26,-14.79
2947,XSHE,300242,26,30.1
2968,XSHE,300277,26,348.49
2973,XSHG,603918,26,304.08
2951,XSHE,701,26,536.2
2958,XSHG,600712,26,4968.75
2986,XSHE,637,26,19.52
2960,XSHG,603020,26,22.25
2966,XSHE,2692,26,42.99
2980,XSHG,603859,26,69.74
2959,XSHE,300715,26,38.44
2943,XSHG,603856,26,16.43
2946,XSHE,2886,26,112
2961,XSHE,2676,26,-110.38
2976,XSHE,2855,26,77.45
2995,XSHE,2296,26,121.14
2977,XSHE,300688,26,63.97
2988,XSHE,2103,26,46.48
2975,XSHG,600080,26,58.27
2992,XSHE,2864,26,53.14
2994,XSHG,600976,26,23.58
2998,XSHE,10,26,221.22
2981,XSHG,603800,26,36.38
2996,XSHE,2730,26,40.26
2971,XSHE,909,26,149.13
3004,XSHG,600074,25,-10.26
3013,XSHE,2846,25,28.64
3050,XSHG,603838,25,57.11
3034,XSHE,300200,25,15
3025,XSHE,300589,25,489.07
3049,XSHE,880,25,63.85
3006,XSHE,300494,25,141.36
3009,XSHE,2908,25,74.01
3010,XSHE,971,25,11.87
3041,XSHE,300295,25,43.68
3042,XSHE,300419,25,168.98
3058,XSHE,300051,25,149.02
3001,XSHE,300416,25,185.55
3017,XSHG,603933,25,48.44
3032,XSHG,603738,25,-527.29
3039,XSHE,2076,25,-31.7
3043,XSHE,300582,25,35.3
3046,XSHE,300227,25,76.99
3056,XSHE,2045,25,131.25
3061,XSHE,2808,25,217.14
3053,XSHE,7,25,69.58
3007,XSHG,600370,25,53.36
3064,XSHE,300063,25,28.06
3051,XSHE,300090,25,-11.59
3003,XSHE,2765,25,-26.71
3020,XSHG,600421,25,-700.62
3021,XSHG,603667,25,25.64
3023,XSHG,603656,25,170.3
3024,XSHE,300281,25,84.95
3040,XSHE,300540,25,182.38
3045,XSHE,300391,25,24.79
3055,XSHE,300503,25,282.56
3063,XSHG,603701,25,38.82
3065,XSHG,603677,25,32.7
3047,XSHG,600698,25,204.88
3008,XSHE,300120,25,34.34
3059,XSHG,603028,25,126.06
3038,XSHG,603099,25,-24.79
3057,XSHG,603136,25,41.02
3014,XSHG,603326,25,997.25
3031,XSHE,2718,25,79.6
3054,XSHG,603208,25,59.32
3016,XSHE,300313,25,-74.66
3035,XSHG,600257,25,82.2
3018,XSHG,603758,25,-19.73
3030,XSHG,603239,25,22.43
3036,XSHG,603009,25,52.9
3048,XSHE,300742,25,-38.48
3005,XSHE,419,25,14.93
3037,XSHE,2336,25,18.88
3011,XSHE,819,25,93.42
3029,XSHE,2018,25,-25.35
2999,XSHE,2732,25,58
3000,XSHG,603016,25,47.45
3033,XSHE,300153,25,-88.8
3019,XSHG,603657,25,42.04
3060,XSHE,300214,25,23.32
3062,XSHE,2694,25,-26.33
3022,XSHE,300698,25,-524.74
3002,XSHE,17,25,-1728.72
3028,XSHE,300314,25,64.17
3026,XSHE,952,25,20.63
3012,XSHE,300306,25,49.99
3044,XSHE,2836,25,44.17
3015,XSHG,603895,25,56.52
3027,XSHE,2931,25,62
3052,XSHG,603036,25,96.33
3100,XSHE,300270,24,32.84
3114,XSHE,2623,24,-27.96
3076,XSHE,2888,24,164.38
3095,XSHE,300743,24,87.25
3122,XSHE,300543,24,28.66
3092,XSHE,2729,24,122.77
3115,XSHG,600237,24,-40.98
3120,XSHG,603380,24,39.32
3123,XSHE,300566,24,55.51
3117,XSHE,668,24,56.58
3118,XSHG,600159,24,36.96
3071,XSHE,2875,24,12.93
3085,XSHG,600107,24,-162.44
3108,XSHG,603665,24,36.07
3074,XSHG,600311,24,-57.42
3121,XSHG,600735,24,29.63
3086,XSHG,600727,24,15.39
3107,XSHG,600470,24,-11
3087,XSHE,300192,24,35.9
3090,XSHG,600367,24,37.33
3110,XSHE,2591,24,20.67
3091,XSHG,603011,24,191.2
3103,XSHE,2691,24,399.45
3104,XSHG,603320,24,50.88
3111,XSHG,603757,24,22.24
3130,XSHE,2723,24,36.1
3081,XSHE,2487,24,52.3
3067,XSHG,600749,24,-79.85
3094,XSHE,2306,24,-98.91
3126,XSHE,2696,24,80.42
3097,XSHG,600731,24,19.6
3132,XSHG,600538,24,381.53
3066,XSHE,2363,24,29.12
3080,XSHG,600178,24,-155.05
3098,XSHG,603809,24,15.62
3101,XSHE,300707,24,51.1
3105,XSHG,603768,24,17.62
3109,XSHE,2865,24,-18.38
3113,XSHG,600213,24,525.99
3129,XSHE,300507,24,88.97
3084,XSHE,300608,24,-14.54
3089,XSHE,300264,24,-52.86
3106,XSHG,600654,24,-6.01
3131,XSHE,300074,24,-49.3
3083,XSHG,600861,24,47.21
3093,XSHE,2828,24,-654.07
3069,XSHE,2702,24,46.39
3072,XSHE,2910,24,32.69
3077,XSHG,600962,24,403.96
3125,XSHE,2286,24,57.51
3073,XSHE,300491,24,-1126.91
3112,XSHE,300547,24,21.12
3096,XSHE,2858,24,-149.35
3127,XSHG,603598,24,67.09
3133,XSHE,300431,24,-33.62
3075,XSHE,2432,24,-17.13
3119,XSHG,603976,24,25.24
3079,XSHE,300239,24,79.5
3102,XSHG,603168,24,30.7
3124,XSHG,600071,24,-46.53
3128,XSHE,300648,24,336.1
3068,XSHG,603607,24,23.45
3082,XSHE,2731,24,39
3078,XSHG,603966,24,170.73
3099,XSHE,300486,24,57.76
3070,XSHE,2084,24,129.59
3088,XSHE,2789,24,18.32
3116,XSHE,632,24,48.89
3154,XSHE,300076,23,-69.48
3151,XSHE,2787,23,78.99
3149,XSHE,2201,23,227.75
3178,XSHG,603268,23,48.83
3187,XSHE,300179,23,46.09
3194,XSHE,300617,23,27
3172,XSHE,670,23,-24.54
3201,XSHE,300656,23,81.62
3136,XSHE,300563,23,45.54
3166,XSHG,603628,23,504.93
3199,XSHE,809,23,-19.76
3157,XSHE,2193,23,56.96
3197,XSHE,2015,23,-111.46
3190,XSHE,548,23,77.84
3164,XSHE,593,23,433.03
3189,XSHE,509,23,-200.74
3203,XSHG,600753,23,312.14
3137,XSHE,300405,23,72.9
3138,XSHG,603059,23,23.97
3152,XSHE,300019,23,40.44
3167,XSHE,2096,23,-22.54
3174,XSHE,2915,23,90.58
3182,XSHE,2802,23,36.56
3142,XSHE,782,23,57.03
3141,XSHE,300056,23,-27.59
3169,XSHE,300334,23,-25.9
3204,XSHE,300335,23,17.19
3144,XSHE,622,23,-382.03
3145,XSHE,595,23,-28.1
3146,XSHE,300593,23,61.56
3156,XSHE,2903,23,-75.03
3158,XSHE,300105,23,-27.93
3159,XSHE,300293,23,59.7
3162,XSHG,603321,23,132.85
3179,XSHE,300210,23,-39.58
3195,XSHE,2896,23,39.38
3168,XSHG,603726,23,21.19
3139,XSHE,2627,23,28.52
3165,XSHG,603066,23,39.82
3148,XSHG,603937,23,25.16
3191,XSHE,2615,23,44.21
3192,XSHE,890,23,70.76
3180,XSHG,603199,23,14.69
3198,XSHE,721,23,-52.29
3208,XSHE,430,23,-67.72
3175,XSHG,600540,23,-54.47
3176,XSHG,600359,23,527.28
3150,XSHE,2863,23,66.09
3155,XSHG,603089,23,19.29
3163,XSHG,603335,23,190.23
3170,XSHE,757,23,101.33
3207,XSHG,603767,23,33.31
3186,XSHE,300344,23,103.5
3134,XSHE,785,23,12.6
3171,XSHG,600865,23,10.09
3161,XSHE,2606,23,-76.17
3188,XSHE,300484,23,60.52
3177,XSHG,603725,23,672.53
3183,XSHG,603266,23,50.09
3210,XSHE,2825,23,54.13
3143,XSHE,586,23,-367.3
3206,XSHE,300312,23,-36.35
3181,XSHE,300071,23,-13.85
3205,XSHE,300246,23,34.95
3153,XSHE,300049,23,87.12
3185,XSHE,300519,23,17.41
3193,XSHG,600833,23,40.22
3196,XSHE,705,23,34.78
3200,XSHE,2898,23,179.45
3209,XSHE,300452,23,28.89
3135,XSHE,300112,23,54.37
3140,XSHE,2082,23,53.65
3202,XSHE,2012,23,469.36
3160,XSHG,603396,23,24.41
3184,XSHE,300526,23,322.55
3147,XSHE,2620,23,12.3
3173,XSHE,18,23,-4.44
3258,XSHE,300160,22,18.42
3231,XSHE,300283,22,188.49
3274,XSHE,2552,22,36.17
3259,XSHE,2835,22,-70.68
3225,XSHE,300162,22,45.98
3245,XSHE,2289,22,-25.65
3253,XSHE,573,22,7
3213,XSHG,600689,22,174.63
3227,XSHG,600232,22,80.9
3228,XSHE,2494,22,210.75
3242,XSHE,2687,22,34.3
3235,XSHE,300635,22,68.85
3260,XSHE,2469,22,91.42
3236,XSHG,600149,22,918.33
3222,XSHE,2360,22,72.45
3223,XSHE,300727,22,40.26
3230,XSHE,2805,22,74.04
3233,XSHE,2748,22,171.04
3248,XSHG,603798,22,11.14
3256,XSHG,603110,22,46.01
3257,XSHE,300505,22,44.55
3266,XSHE,2098,22,-86.76
3212,XSHE,2347,22,93.95
3221,XSHG,600520,22,-30.87
3250,XSHE,300095,22,29.53
3263,XSHE,2272,22,11.67
3269,XSHE,2598,22,34.19
3246,XSHG,603500,22,25.01
3262,XSHE,300462,22,35.78
3251,XSHE,2492,22,34.87
3215,XSHG,603985,22,24.44
3240,XSHE,2652,22,48.54
3267,XSHG,603040,22,19.42
3268,XSHE,2843,22,33.16
3216,XSHE,613,22,355.52
3254,XSHG,600358,22,-135.21
3261,XSHE,2159,22,-13.96
3219,XSHE,663,22,-30.64
3243,XSHG,600543,22,45.14
3232,XSHG,600371,22,43.92
3211,XSHG,600139,22,-38.16
3264,XSHG,600148,22,95.94
3271,XSHE,2553,22,39.92
3218,XSHE,2771,22,353.4
3234,XSHE,300518,22,31.01
3224,XSHG,600857,22,46.29
3244,XSHE,972,22,-61.72
3252,XSHG,603696,22,41.14
3238,XSHE,2452,22,153.55
3273,XSHG,603577,22,54.45
3275,XSHE,300286,22,27.4
3214,XSHE,2671,22,-13.8
3237,XSHE,2333,22,8.68
3255,XSHE,2743,22,44.33
3217,XSHG,603615,22,27.71
3226,XSHE,300731,22,44.49
3247,XSHE,300587,22,652.17
3270,XSHE,300562,22,219.31
3276,XSHG,600721,22,20.26
3220,XSHE,2566,22,33.1
3265,XSHG,603811,22,22.52
3272,XSHE,300407,22,-18.18
3241,XSHG,600432,22,-2.76
3229,XSHG,600356,22,24.82
3239,XSHG,600793,22,13.94
3249,XSHE,2799,22,39.05
3292,XSHE,300501,21,30.35
3300,XSHE,2735,21,45.96
3281,XSHE,2571,21,166.6
3307,XSHG,600719,21,7.26
3320,XSHE,300689,21,85.06
3326,XSHG,600355,21,-232.04
3280,XSHG,600156,21,-52.09
3285,XSHG,603196,21,114.34
3305,XSHE,2762,21,35.08
3323,XSHG,603238,21,34.34
3315,XSHE,300712,21,26.26
3294,XSHE,2893,21,4.68
3302,XSHE,533,21,-116.5
3303,XSHE,300576,21,54.96
3311,XSHE,300522,21,35.86
3318,XSHE,2809,21,31.02
3332,XSHE,2919,21,59.8
3290,XSHG,603903,21,57.25
3279,XSHG,603819,21,72
3296,XSHE,300681,21,-31.9
3297,XSHE,300509,21,41.1
3313,XSHG,600560,21,92.68
3322,XSHE,2779,21,560.08
3324,XSHE,300004,21,26.29
3277,XSHE,2860,21,21.87
3282,XSHG,600854,21,-111.05
3308,XSHG,603331,21,21.79
3288,XSHG,603069,21,33.96
3295,XSHE,2357,21,12.35
3301,XSHE,2150,21,22.83
3328,XSHE,978,21,-265.41
3331,XSHG,600706,21,16.85
3334,XSHE,2513,21,40.08
3298,XSHE,300733,21,61.54
3291,XSHE,300040,21,20.47
3317,XSHE,2580,21,111.94
3336,XSHE,585,21,-103.33
3310,XSHG,600678,21,172.41
3327,XSHE,300539,21,143.24
3289,XSHG,600898,21,-14.52
3333,XSHE,300555,21,339.56
3329,XSHE,2071,21,47.21
3321,XSHE,526,21,205.45
3335,XSHE,300329,21,39.2
3314,XSHE,2758,21,67.45
3325,XSHG,600513,21,30.98
3278,XSHE,2849,21,38.3
3316,XSHE,2870,21,70.72
3304,XSHE,2295,21,30.43
3319,XSHE,2824,21,-162.91
3283,XSHG,603388,21,61.92
3284,XSHG,603717,21,455.88
3293,XSHG,603778,21,146.83
3312,XSHG,600235,21,299.14
3286,XSHG,603311,21,25.9
3306,XSHE,2529,21,-66.86
3330,XSHG,603159,21,370.67
3299,XSHE,300621,21,18.36
3287,XSHG,600212,21,-13.31
3309,XSHG,600647,21,16.51
3337,XSHE,300089,20,68.36
3373,XSHG,603021,20,-48.37
3397,XSHE,2066,20,69
3401,XSHE,695,20,377.47
3395,XSHE,2134,20,1107.27
3399,XSHE,2660,20,-635.13
3341,XSHE,300023,20,-8.07
3374,XSHE,14,20,-73.76
3352,XSHG,600250,20,-10.85
3389,XSHE,300591,20,-113.08
3369,XSHE,300492,20,179.79
3380,XSHG,600769,20,562.82
3383,XSHG,603183,20,103.28
3394,XSHE,2883,20,36.02
3354,XSHG,600128,20,-104.51
3365,XSHG,603722,20,68.18
3368,XSHE,755,20,57.46
3349,XSHG,603177,20,-50.65
3387,XSHE,300692,20,48.26
3338,XSHG,600243,20,-13.74
3350,XSHG,601798,20,-54.8
3367,XSHE,300362,20,-3.45
3370,XSHE,300729,20,48.69
3376,XSHE,300022,20,-13.14
3391,XSHG,600202,20,57.47
3339,XSHG,603223,20,97.47
3340,XSHG,600992,20,79.39
3353,XSHE,300421,20,28.03
3344,XSHG,603389,20,-22.32
3362,XSHG,600573,20,-88.75
3390,XSHG,600365,20,368.64
3379,XSHE,798,20,-22.34
3384,XSHE,300268,20,348.88
3377,XSHE,2868,20,45.86
3343,XSHE,868,20,26.54
3347,XSHG,603922,20,-74.21
3360,XSHG,603037,20,12.49
3366,XSHG,603023,20,45.47
3381,XSHG,603926,20,21.8
3396,XSHG,603178,20,-18.23
3346,XSHE,300556,20,-32.67
3363,XSHE,300605,20,121.58
3388,XSHE,300645,20,-186.12
3375,XSHG,600272,20,72.05
3392,XSHE,985,20,63.24
3400,XSHE,2719,20,144.17
3393,XSHG,600379,20,113.76
3345,XSHE,2785,20,240.67
3356,XSHE,2205,20,-28.78
3364,XSHE,619,20,-36.33
3357,XSHE,2848,20,-18.1
3351,XSHE,300654,20,216.03
3342,XSHG,603229,20,65.64
3371,XSHE,153,20,30.28
3372,XSHE,2826,20,75.83
3378,XSHE,300445,20,44.31
3385,XSHE,300371,20,68.95
3355,XSHE,633,20,-839.74
3348,XSHE,300084,20,-27.38
3358,XSHG,600302,20,-26.7
3359,XSHE,2667,20,42.95
3386,XSHE,300402,20,119.83
3361,XSHE,300668,20,23.79
3382,XSHE,2830,20,-28.1
3398,XSHG,600051,20,23.3
3440,XSHG,600714,19,-469.83
3404,XSHE,300588,19,-26.59
3412,XSHE,300330,19,5935.38
3436,XSHG,600652,19,26.47
3402,XSHE,2417,19,-498.45
3409,XSHG,600791,19,91.32
3434,XSHG,600095,19,-59.68
3441,XSHE,979,19,-0.73
3437,XSHG,603477,19,37.66
3442,XSHE,300658,19,53.01
3444,XSHE,300640,19,38.46
3424,XSHG,600766,19,-1290.42
3403,XSHG,600746,19,615.24
3426,XSHE,300243,19,21.84
3435,XSHE,300610,19,31.98
3420,XSHG,600889,19,371.64
3413,XSHE,300626,19,85.09
3406,XSHE,594,19,-48.89
3415,XSHG,603917,19,31.19
3427,XSHG,603161,19,19.54
3432,XSHE,300652,19,38.15
3445,XSHE,2356,19,-4.19
3421,XSHE,911,19,-1.77
3407,XSHE,2922,19,247.88
3410,XSHE,300713,19,1161.36
3423,XSHE,300062,19,189.99
3428,XSHE,300141,19,-60.26
3443,XSHE,2576,19,71.94
3439,XSHE,23,19,31.25
3429,XSHE,300478,19,159.92
3430,XSHE,300211,19,380.82
3438,XSHE,300710,19,75.54
3418,XSHG,603721,19,-54.79
3419,XSHE,300453,19,94.28
3405,XSHE,300534,19,72.06
3416,XSHE,4,19,88.65
3417,XSHE,2872,19,45.5
3425,XSHE,2873,19,27.11
3431,XSHE,300515,19,53.54
3422,XSHG,603527,19,35.38
3408,XSHE,300693,19,209.14
3433,XSHE,2816,19,-111.73
3414,XSHG,603038,19,42.19
3411,XSHE,803,19,-28.03
3481,XSHG,603578,18,28.04
3458,XSHG,600847,18,-303.2
3480,XSHE,300163,18,187.67
3450,XSHG,603633,18,44.53
3472,XSHG,603996,18,-8.71
3478,XSHG,600666,18,-8.84
3448,XSHE,2144,18,20.2
3470,XSHG,600493,18,64.85
3484,XSHG,603958,18,21.9
3454,XSHG,603860,18,189.21
3452,XSHG,600747,18,-54.74
3456,XSHG,600241,18,-57.85
3451,XSHE,2136,18,59.07
3467,XSHG,603822,18,86.23
3468,XSHE,2909,18,172.73
3477,XSHG,600228,18,-158.56
3493,XSHE,737,18,99.04
3459,XSHE,300126,18,-122.99
3469,XSHE,300720,18,79.48
3482,XSHE,300092,18,26.53
3492,XSHE,300669,18,66.78
3464,XSHE,2711,18,-20.56
3461,XSHE,300629,18,8282.96
3473,XSHE,571,18,-14.25
3479,XSHG,600506,18,-297.66
3483,XSHE,702,18,-85.53
3446,XSHE,300643,18,538.91
3465,XSHG,603319,18,13.57
3475,XSHG,603655,18,91.44
3490,XSHG,600821,18,-9.73
3447,XSHG,603050,18,-57.95
3488,XSHE,2112,18,552.81
3491,XSHE,300069,18,-303.08
3489,XSHE,300644,18,72.45
3463,XSHG,603042,18,-50.63
3455,XSHE,2862,18,-409.07
3471,XSHE,300703,18,50.06
3476,XSHE,300412,18,128.42
3449,XSHE,2693,18,-51.52
3460,XSHG,603963,18,61.11
3462,XSHE,2058,18,-127.1
3453,XSHE,2070,18,-9.21
3486,XSHE,2501,18,-1.3
3457,XSHE,300499,18,355.13
3466,XSHE,300631,18,83.45
3474,XSHG,603076,18,21.14
3485,XSHE,300551,18,-47.28
3487,XSHE,300549,18,53.2
3513,XSHE,300167,17,-93.47
3517,XSHG,603022,17,76.44
3503,XSHE,300700,17,-100.83
3526,XSHE,300235,17,33.61
3498,XSHE,2684,17,-2.35
3494,XSHE,638,17,-109.29
3508,XSHG,600091,17,522.11
3523,XSHG,600301,17,393.32
3524,XSHG,603683,17,718.72
3532,XSHE,820,17,-11.12
3499,XSHG,603488,17,48.79
3502,XSHG,603356,17,34.61
3514,XSHE,300780,17,32.44
3521,XSHG,600444,17,39.23
3506,XSHG,600099,17,3082.78
3512,XSHE,300611,17,45.52
3501,XSHE,300106,17,357.67
3510,XSHG,600796,17,-80.54
3505,XSHE,2213,17,-154.93
3533,XSHE,2921,17,27.73
3497,XSHG,600455,17,61.12
3531,XSHG,600289,17,-9.74
3515,XSHG,600778,17,10.36
3530,XSHE,300622,17,34.39
3519,XSHG,603829,17,49.25
3535,XSHG,600883,17,268.25
3496,XSHE,300716,17,50.64
3522,XSHG,603580,17,89.22
3529,XSHE,300717,17,30.08
3504,XSHE,2105,17,-58.66
3527,XSHE,2899,17,178.01
3500,XSHE,300030,17,95.49
3516,XSHG,603139,17,41.14
3518,XSHE,300254,17,21.13
3509,XSHE,2857,17,-1011.53
3511,XSHE,300417,17,29.3
3528,XSHE,300275,17,70.69
3507,XSHG,603955,17,87.41
3534,XSHG,603316,17,-90.88
3525,XSHE,300619,17,100.95
3561,XSHE,300650,16,59.68
3539,XSHG,600240,16,-4.26
3540,XSHE,609,16,-14.92
3556,XSHG,603908,16,31.29
3562,XSHE,300517,16,28.81
3542,XSHE,692,16,-7.52
3547,XSHE,2259,16,-34.44
3544,XSHG,603879,16,70.42
3554,XSHG,600319,16,31.26
3564,XSHG,603041,16,24.36
3566,XSHE,300218,16,123.22
3550,XSHE,300606,16,31.36
3552,XSHG,600539,16,151.06
3536,XSHG,603813,16,30.48
3565,XSHG,600561,16,169.88
3543,XSHE,2760,16,21.57
3567,XSHE,929,16,15.28
3559,XSHG,600275,16,-129.97
3563,XSHE,2715,16,-95.27
3538,XSHG,600767,16,-187.68
3549,XSHE,2778,16,84.24
3558,XSHG,603536,16,-15.91
3548,XSHG,603330,16,92.8
3553,XSHE,2175,16,-20.78
3557,XSHG,603729,16,-29.8
3537,XSHE,2817,16,46.63
3545,XSHG,600671,16,-216.3
3555,XSHG,603880,16,42.74
3560,XSHE,300636,16,88.44
3541,XSHE,300553,16,148.89
3551,XSHE,300354,16,-170.21
3546,XSHG,603088,16,32.58
3578,XSHE,300093,15,430.94
3569,XSHE,300460,15,-30.78
3581,XSHE,300029,15,-119.26
3585,XSHE,502,15,2478.07
3574,XSHE,300721,15,162.17
3572,XSHE,300554,15,267.54
3579,XSHG,603090,15,103.17
3589,XSHG,600119,15,33.87
3580,XSHG,600608,15,511.25
3591,XSHG,600615,15,-808.95
3582,XSHE,300585,15,71.86
3570,XSHG,600247,15,-36.86
3573,XSHG,600605,15,-70.62
3571,XSHG,600186,15,-9.29
3577,XSHE,2220,15,-2.67
3588,XSHG,600112,15,12.13
3583,XSHG,603991,15,99.88
3576,XSHE,300736,15,-78.82
3587,XSHE,2680,15,2.92
3575,XSHE,300557,15,-29.95
3584,XSHG,600768,15,-63.13
3586,XSHE,300521,15,-213.19
3590,XSHG,600209,15,-60.21
3609,XSHG,600234,14,249.74
3594,XSHE,2569,14,180.38
3603,XSHG,600137,14,64.36
3593,XSHE,300535,14,43.64
3604,XSHE,707,14,41.28
3598,XSHE,2633,14,-281.51
3599,XSHE,300442,14,130.03
3597,XSHE,2800,14,126.31
3592,XSHE,300489,14,-34.18
3602,XSHE,300680,14,94.62
3595,XSHE,679,14,-5.79
3605,XSHG,600306,14,-17.83
3608,XSHG,603031,14,58.57
3610,XSHE,2207,14,-53.91
3611,XSHE,300321,14,66.02
3596,XSHE,835,14,-52.38
3606,XSHE,300216,14,-2.39
3600,XSHE,2209,14,-43.88
3607,XSHE,300592,14,-46.06
3612,XSHG,600193,14,218.05
3626,XSHE,2290,13,69.22
3619,XSHG,600870,13,-795.87
3622,XSHG,600817,13,2708.28
3613,XSHE,691,13,-223.25
3623,XSHE,300665,13,-216.1
3615,XSHG,603269,13,49.49
3616,XSHG,603029,13,-78.69
3614,XSHE,2473,13,-46.9
3624,XSHE,2420,13,43.96
3618,XSHE,995,13,-51.2
3617,XSHG,603286,13,61.63
3625,XSHE,760,13,-19.8
3620,XSHE,693,13,-6.34
3621,XSHE,2890,13,180.64
3628,XSHE,2021,12,-94.69
3630,XSHE,752,12,-13.78
3631,XSHG,600634,12,-19.06
3633,XSHG,600385,12,-107.48
3632,XSHE,2604,12,-3.04
3627,XSHE,611,12,-55.14
3629,XSHE,2200,12,41.6
3635,XSHE,2188,11,55.36
3634,XSHE,2766,11,-3.74
3638,XSHE,2323,10,-16.7
3637,XSHE,953,10,-15.89
3636,XSHG,600891,10,-5.86
3642,XSHG,600462,9,-40.19
3641,XSHE,2499,9,-16.74
3640,XSHE,2072,9,-58.57
3639,XSHE,2629,9,-43.6
3643,XSHG,600656,9,-39.59
3645,XSHG,600806,8,-3.49
3644,XSHE,2260,8,-24.33
3647,XSHE,511,7,5.88
3646,XSHE,33,7,173.26
3651,XSHE,300372,3,-3.69
3650,XSHE,300028,3,-7.57
