id,status,symbol,time,type,trend,price,balance_rate,try_count
123653,done,600000.XSHG,2006-10-09 09:31:00,sell,long,1.77,0.00,1
123653,done,600016.XSHG,2006-10-09 09:31:00,sell,long,1.51,0.00,1
123653,done,600030.XSHG,2006-10-09 09:31:00,sell,long,3.90,0.00,1
123653,done,600585.XSHG,2006-10-09 09:31:00,buy,long,4.11,0.10,1
123653,done,600519.XSHG,2006-10-09 09:31:00,buy,long,29.65,0.10,1
123653,done,600000.XSHG,2006-10-09 09:32:00,buy,long,1.78,0.10,1
123653,done,600016.XSHG,2006-10-09 09:33:00,buy,long,1.50,0.10,1
